year,State,State Minimum Wage,Effective Minimum Wage,Median Household Income
1990,Alabama,0,6.63,23357
1990,Alaska,7.62,7.62,39298
1990,Arizona,0,6.63,29224
1990,Arkansas,6.43,6.63,22786
1990,California,6.63,6.63,33290
1990,Colorado,5.94,6.63,30733
1990,Connecticut,7.42,7.42,38870
1990,Delaware,6.63,6.63,30804
1990,District of Columbia,6.93,6.93,27392
1990,Florida,0,6.63,26685
1990,Georgia,6.43,6.63,27561
1990,Hawaii,7.62,7.62,38921
1990,Idaho,4.55,6.63,25305
1990,Illinois,6.63,6.63,32542
1990,Indiana,3.96,6.63,26928
1990,Iowa,0,6.63,27288
1990,Kansas,3.17,6.63,29917
1990,Kentucky,6.63,6.63,24780
1990,Louisiana,0,6.63,22405
1990,Maine,7.22,7.22,27464
1990,Maryland,6.63,6.63,38857
1990,Massachusetts,7.22,7.22,36247
1990,Michigan,6.63,6.63,29937
1990,Minnesota,7.03,7.03,31465
1990,Mississippi,0,6.63,20178
1990,Missouri,0,6.63,27332
1990,Montana,6.63,6.63,23375
1990,Nebraska,6.63,6.63,27482
1990,Nevada,6.63,6.63,32023
1990,New Hampshire,7.03,7.03,40805
1990,New Jersey,6.63,6.63,38734
1990,New Mexico,6.63,6.63,25039
1990,New York,6.63,6.63,31591
1990,North Carolina,6.63,6.63,26329
1990,North Dakota,5.54,6.63,25264
1990,Ohio,4.55,6.63,30013
1990,Oklahoma,6.63,6.63,24384
1990,Oregon,6.63,6.63,29281
1990,Pennsylvania,6.63,6.63,29005
1990,Rhode Island,7.22,7.22,31968
1990,South Carolina,0,6.63,28735
1990,South Dakota,5.54,6.63,24571
1990,Tennessee,0,6.63,22592
1990,Texas,6.63,6.63,28228
1990,Utah,4.95,6.63,30142
1990,Vermont,7.03,7.03,31098
1990,Virginia,5.24,6.63,35073
1990,Washington,4.55,6.63,32112
1990,West Virginia,6.63,6.63,22137
1990,Wisconsin,6.63,6.63,30711
1990,Wyoming,3.17,6.63,29460
1991,Alabama,0,7.22,24346
1991,Alaska,8.17,8.17,40612
1991,Arizona,0,7.22,30737
1991,Arkansas,6.36,7.22,23435
1991,California,8.07,8.07,33664
1991,Colorado,5.7,7.22,31499
1991,Connecticut,8.07,8.07,42154
1991,Delaware,7.22,7.22,32585
1991,District of Columbia,7.03,7.22,29885
1991,Florida,0,7.22,27252
1991,Georgia,6.17,7.22,27212
1991,Hawaii,7.31,7.31,37246
1991,Idaho,7.22,7.22,26116
1991,Illinois,7.22,7.22,31884
1991,Indiana,6.36,7.22,27089
1991,Iowa,8.07,8.07,28553
1991,Kansas,5.03,7.22,29295
1991,Kentucky,7.22,7.22,23764
1991,Louisiana,0,7.22,25299
1991,Maine,7.31,7.31,27868
1991,Maryland,7.22,7.22,36952
1991,Massachusetts,7.12,7.22,35714
1991,Michigan,6.36,7.22,32117
1991,Minnesota,8.07,8.07,29479
1991,Mississippi,0,7.22,19475
1991,Missouri,7.22,7.22,27926
1991,Montana,7.22,7.22,24827
1991,Nebraska,6.36,7.22,29549
1991,Nevada,7.22,7.22,32937
1991,New Hampshire,7.31,7.31,36032
1991,New Jersey,7.22,7.22,40049
1991,New Mexico,6.36,7.22,26540
1991,New York,7.22,7.22,31794
1991,North Carolina,6.36,7.22,26853
1991,North Dakota,6.46,7.22,25892
1991,Ohio,7.22,7.22,29790
1991,Oklahoma,7.22,7.22,25462
1991,Oregon,9.02,9.02,30190
1991,Pennsylvania,7.22,7.22,30367
1991,Rhode Island,8.07,8.07,30836
1991,South Carolina,0,7.22,27463
1991,South Dakota,7.22,7.22,24639
1991,Tennessee,0,7.22,24453
1991,Texas,6.36,7.22,27733
1991,Utah,7.22,7.22,28016
1991,Vermont,7.31,7.31,29155
1991,Virginia,5.03,7.22,36137
1991,Washington,8.07,8.07,33970
1991,West Virginia,6.36,7.22,23147
1991,Wisconsin,7.22,7.22,31133
1991,Wyoming,3.04,7.22,29050
1992,Alabama,0,7.84,25808
1992,Alaska,8.76,8.76,41802
1992,Arizona,0,7.84,29358
1992,Arkansas,6.73,7.84,23882
1992,California,7.84,7.84,34903
1992,Colorado,5.53,7.84,32484
1992,Connecticut,7.87,7.87,40841
1992,Delaware,7.84,7.84,35678
1992,District of Columbia,7.19,7.84,30247
1992,Florida,0,7.84,27349
1992,Georgia,5.99,7.84,28797
1992,Hawaii,7.1,7.84,42113
1992,Idaho,7.84,7.84,27704
1992,Illinois,7.84,7.84,31551
1992,Indiana,6.18,7.84,28530
1992,Iowa,8.57,8.57,28743
1992,Kansas,4.89,7.84,30346
1992,Kentucky,7.84,7.84,23485
1992,Louisiana,0,7.84,25439
1992,Maine,7.84,7.84,29617
1992,Maryland,7.84,7.84,37203
1992,Massachusetts,7.84,7.84,36359
1992,Michigan,6.18,7.84,32267
1992,Minnesota,7.84,7.84,30981
1992,Mississippi,0,7.84,20570
1992,Missouri,7.84,7.84,27361
1992,Montana,7.84,7.84,26525
1992,Nebraska,7.84,7.84,30048
1992,Nevada,7.84,7.84,31908
1992,New Hampshire,7.84,7.84,39436
1992,New Jersey,7.84,7.84,39000
1992,New Mexico,6.18,7.84,25860
1992,New York,7.84,7.84,31051
1992,North Carolina,7.01,7.84,27771
1992,North Dakota,7.84,7.84,26959
1992,Ohio,7.84,7.84,31404
1992,Oklahoma,7.84,7.84,25284
1992,Oregon,8.76,8.76,31927
1992,Pennsylvania,7.84,7.84,29882
1992,Rhode Island,8.2,8.2,30432
1992,South Carolina,0,7.84,27578
1992,South Dakota,7.84,7.84,26259
1992,Tennessee,0,7.84,24318
1992,Texas,6.18,7.84,27953
1992,Utah,7.84,7.84,34251
1992,Vermont,7.84,7.84,32755
1992,Virginia,6.73,7.84,38198
1992,Washington,7.84,7.84,33900
1992,West Virginia,7.01,7.84,20271
1992,Wisconsin,7.01,7.84,33308
1992,Wyoming,2.95,7.84,30209
1993,Alabama,0,7.61,25082
1993,Alaska,8.5,8.5,42931
1993,Arizona,0,7.61,30510
1993,Arkansas,6.53,7.61,23039
1993,California,7.61,7.61,34073
1993,Colorado,5.37,7.61,34488
1993,Connecticut,7.64,7.64,39516
1993,Delaware,7.61,7.61,36064
1993,District of Columbia,6.98,7.61,27304
1993,Florida,0,7.61,28550
1993,Georgia,5.82,7.61,31663
1993,Hawaii,6.89,7.61,42662
1993,Idaho,7.61,7.61,31010
1993,Illinois,7.61,7.61,32857
1993,Indiana,6,7.61,29475
1993,Iowa,8.32,8.32,28663
1993,Kansas,4.74,7.61,29770
1993,Kentucky,7.61,7.61,24376
1993,Louisiana,0,7.61,26312
1993,Maine,7.61,7.61,27438
1993,Maryland,7.61,7.61,39939
1993,Massachusetts,7.61,7.61,37064
1993,Michigan,6,7.61,32662
1993,Minnesota,7.61,7.61,33682
1993,Mississippi,0,7.61,22191
1993,Missouri,7.61,7.61,28682
1993,Montana,7.61,7.61,26470
1993,Nebraska,7.61,7.61,31008
1993,Nevada,7.61,7.61,35814
1993,New Hampshire,7.61,7.61,37964
1993,New Jersey,7.61,7.61,40500
1993,New Mexico,6,7.61,26758
1993,New York,7.61,7.61,31697
1993,North Carolina,6.8,7.61,28820
1993,North Dakota,7.61,7.61,28118
1993,Ohio,7.61,7.61,31285
1993,Oklahoma,7.61,7.61,26260
1993,Oregon,8.5,8.5,33138
1993,Pennsylvania,7.61,7.61,30995
1993,Rhode Island,7.97,7.97,33509
1993,South Carolina,0,7.61,26053
1993,South Dakota,7.61,7.61,27737
1993,Tennessee,0,7.61,25102
1993,Texas,6,7.61,28727
1993,Utah,7.61,7.61,35786
1993,Vermont,7.61,7.61,31065
1993,Virginia,6.53,7.61,36433
1993,Washington,7.61,7.61,35655
1993,West Virginia,6.8,7.61,22421
1993,Wisconsin,6.8,7.61,31766
1993,Wyoming,2.86,7.61,29442
1994,Alabama,0,7.42,27196
1994,Alaska,8.29,8.29,45367
1994,Arizona,0,7.42,31293
1994,Arkansas,7.42,7.42,25565
1994,California,7.42,7.42,35331
1994,Colorado,5.24,7.42,37833
1994,Connecticut,7.45,7.45,41097
1994,Delaware,7.42,7.42,35873
1994,District of Columbia,7.42,7.42,30116
1994,Florida,0,7.42,29294
1994,Georgia,5.67,7.42,31467
1994,Hawaii,9.16,9.16,42255
1994,Idaho,7.42,7.42,31536
1994,Illinois,7.42,7.42,35081
1994,Indiana,5.85,7.42,27858
1994,Iowa,8.12,8.12,33079
1994,Kansas,4.63,7.42,28322
1994,Kentucky,7.42,7.42,26595
1994,Louisiana,0,7.42,25676
1994,Maine,7.42,7.42,30316
1994,Maryland,7.42,7.42,39198
1994,Massachusetts,7.42,7.42,40500
1994,Michigan,5.85,7.42,35284
1994,Minnesota,7.42,7.42,33644
1994,Mississippi,0,7.42,25400
1994,Missouri,7.42,7.42,30190
1994,Montana,7.42,7.42,27631
1994,Nebraska,7.42,7.42,31794
1994,Nevada,7.42,7.42,35871
1994,New Hampshire,7.42,7.42,35245
1994,New Jersey,8.81,8.81,42280
1994,New Mexico,7.42,7.42,26905
1994,New York,7.42,7.42,31899
1994,North Carolina,7.42,7.42,30114
1994,North Dakota,7.42,7.42,28278
1994,Ohio,7.42,7.42,31855
1994,Oklahoma,7.42,7.42,26991
1994,Oregon,8.29,8.29,31456
1994,Pennsylvania,7.42,7.42,32066
1994,Rhode Island,7.77,7.77,31928
1994,South Carolina,0,7.42,29846
1994,South Dakota,7.42,7.42,29733
1994,Tennessee,0,7.42,28639
1994,Texas,5.85,7.42,30755
1994,Utah,7.42,7.42,35716
1994,Vermont,7.42,7.42,35802
1994,Virginia,7.42,7.42,37647
1994,Washington,7.42,7.42,33533
1994,West Virginia,7.42,7.42,23564
1994,Wisconsin,7.42,7.42,35388
1994,Wyoming,2.79,7.42,33140
1995,Alabama,0,7.21,25991
1995,Alaska,8.06,8.06,47954
1995,Arizona,0,7.21,30863
1995,Arkansas,7.21,7.21,25814
1995,California,7.21,7.21,37009
1995,Colorado,5.09,7.21,40706
1995,Connecticut,7.25,7.25,40243
1995,Delaware,7.21,7.21,34928
1995,District of Columbia,7.21,7.21,30748
1995,Florida,0,7.21,29745
1995,Georgia,5.52,7.21,34099
1995,Hawaii,8.91,8.91,42851
1995,Idaho,7.21,7.21,32676
1995,Illinois,7.21,7.21,38071
1995,Indiana,5.69,7.21,33385
1995,Iowa,7.89,7.89,35519
1995,Kansas,4.5,7.21,30341
1995,Kentucky,7.21,7.21,29810
1995,Louisiana,0,7.21,27949
1995,Maine,7.21,7.21,33858
1995,Maryland,7.21,7.21,41041
1995,Massachusetts,7.21,7.21,38574
1995,Michigan,5.69,7.21,36426
1995,Minnesota,7.21,7.21,37933
1995,Mississippi,0,7.21,26538
1995,Missouri,7.21,7.21,34825
1995,Montana,7.21,7.21,27757
1995,Nebraska,7.21,7.21,32929
1995,Nevada,7.21,7.21,36084
1995,New Hampshire,7.21,7.21,39171
1995,New Jersey,8.57,8.57,43924
1995,New Mexico,7.21,7.21,25991
1995,New York,7.21,7.21,33028
1995,North Carolina,7.21,7.21,31979
1995,North Dakota,7.21,7.21,29089
1995,Ohio,7.21,7.21,34941
1995,Oklahoma,7.21,7.21,26311
1995,Oregon,8.06,8.06,36374
1995,Pennsylvania,7.21,7.21,34524
1995,Rhode Island,7.55,7.55,35359
1995,South Carolina,0,7.21,29071
1995,South Dakota,7.21,7.21,29578
1995,Tennessee,0,7.21,29015
1995,Texas,5.69,7.21,32039
1995,Utah,7.21,7.21,36480
1995,Vermont,7.21,7.21,33824
1995,Virginia,7.21,7.21,36222
1995,Washington,7.21,7.21,35568
1995,West Virginia,7.21,7.21,24880
1995,Wisconsin,7.21,7.21,40955
1995,Wyoming,2.72,7.21,31529
1996,Alabama,0,7.01,30302
1996,Alaska,7.83,7.83,52779
1996,Arizona,0,7.01,31637
1996,Arkansas,7.01,7.01,27123
1996,California,7.01,7.01,38812
1996,Colorado,4.95,7.01,40950
1996,Connecticut,7.04,7.04,42119
1996,Delaware,7.67,7.67,39309
1996,District of Columbia,8.65,8.65,31966
1996,Florida,0,7.01,30641
1996,Georgia,5.36,7.01,32496
1996,Hawaii,8.65,8.65,41772
1996,Idaho,7.01,7.01,34709
1996,Illinois,7.01,7.01,39554
1996,Indiana,5.52,7.01,35147
1996,Iowa,7.67,7.67,33209
1996,Kansas,4.37,7.01,32585
1996,Kentucky,7.01,7.01,32413
1996,Louisiana,0,7.01,30262
1996,Maine,7.01,7.01,34696
1996,Maryland,7.01,7.01,43993
1996,Massachusetts,7.83,7.83,39494
1996,Michigan,5.52,7.01,39225
1996,Minnesota,7.01,7.01,40991
1996,Mississippi,0,7.01,26677
1996,Missouri,7.01,7.01,34265
1996,Montana,7.01,7.01,28684
1996,Nebraska,7.01,7.01,34014
1996,Nevada,7.01,7.01,38540
1996,New Hampshire,7.01,7.01,39407
1996,New Jersey,8.33,8.33,47468
1996,New Mexico,7.01,7.01,25086
1996,New York,7.01,7.01,35410
1996,North Carolina,7.01,7.01,35601
1996,North Dakota,7.01,7.01,31470
1996,Ohio,7.01,7.01,34070
1996,Oklahoma,7.01,7.01,27437
1996,Oregon,7.83,7.83,35492
1996,Pennsylvania,7.01,7.01,34899
1996,Rhode Island,7.34,7.34,36986
1996,South Carolina,0,7.01,34665
1996,South Dakota,7.01,7.01,29526
1996,Tennessee,0,7.01,30790
1996,Texas,5.52,7.01,33072
1996,Utah,7.01,7.01,37038
1996,Vermont,7.83,7.83,32358
1996,Virginia,7.01,7.01,39211
1996,Washington,8.08,8.08,36676
1996,West Virginia,7.01,7.01,25247
1996,Wisconsin,7.01,7.01,40001
1996,Wyoming,2.64,7.01,30953
1997,Alabama,0,7.66,31939
1997,Alaska,8.46,8.46,47994
1997,Arizona,0,7.66,32740
1997,Arkansas,6.85,7.66,26162
1997,California,7.66,7.66,39694
1997,Colorado,7.66,7.66,43233
1997,Connecticut,7.69,7.69,43985
1997,Delaware,8.06,8.06,43033
1997,District of Columbia,9.27,9.27,31860
1997,Florida,0,7.66,32455
1997,Georgia,5.24,7.66,36663
1997,Hawaii,8.46,8.46,40934
1997,Idaho,6.85,7.66,33404
1997,Illinois,7.66,7.66,41283
1997,Indiana,5.4,7.66,38889
1997,Iowa,7.66,7.66,33783
1997,Kansas,4.27,7.66,36471
1997,Kentucky,6.85,7.66,33452
1997,Louisiana,0,7.66,33260
1997,Maine,7.66,7.66,32772
1997,Maryland,7.66,7.66,46685
1997,Massachusetts,8.46,8.46,42023
1997,Michigan,5.4,7.66,38742
1997,Minnesota,6.85,7.66,42564
1997,Mississippi,0,7.66,28499
1997,Missouri,7.66,7.66,36553
1997,Montana,7.66,7.66,29212
1997,Nebraska,6.85,7.66,34692
1997,Nevada,7.66,7.66,38854
1997,New Hampshire,7.66,7.66,40998
1997,New Jersey,8.14,8.14,48021
1997,New Mexico,6.85,7.66,30086
1997,New York,6.85,7.66,35798
1997,North Carolina,6.85,7.66,35840
1997,North Dakota,7.66,7.66,31661
1997,Ohio,6.85,7.66,36134
1997,Oklahoma,7.66,7.66,31351
1997,Oregon,8.86,8.86,37247
1997,Pennsylvania,7.66,7.66,37517
1997,Rhode Island,8.3,8.3,34797
1997,South Carolina,0,7.66,34262
1997,South Dakota,6.85,7.66,29694
1997,Tennessee,0,7.66,30636
1997,Texas,5.4,7.66,35075
1997,Utah,7.66,7.66,42775
1997,Vermont,8.06,8.06,35053
1997,Virginia,7.66,7.66,42957
1997,Washington,7.9,7.9,44562
1997,West Virginia,6.85,7.66,27488
1997,Wisconsin,7.66,7.66,39595
1997,Wyoming,2.58,7.66,33423
1998,Alabama,0,8.17,36266
1998,Alaska,8.97,8.97,50692
1998,Arizona,0,8.17,37090
1998,Arkansas,8.17,8.17,27665
1998,California,8.17,8.17,40934
1998,Colorado,8.17,8.17,46599
1998,Connecticut,8.22,8.22,46508
1998,Delaware,8.17,8.17,41458
1998,District of Columbia,9.76,9.76,33433
1998,Florida,0,8.17,34909
1998,Georgia,5.16,8.17,38665
1998,Hawaii,8.33,8.33,40827
1998,Idaho,8.17,8.17,36680
1998,Illinois,8.17,8.17,43178
1998,Indiana,5.32,8.17,39731
1998,Iowa,8.17,8.17,37019
1998,Kansas,4.21,8.17,36711
1998,Kentucky,6.74,8.17,36252
1998,Louisiana,0,8.17,31735
1998,Maine,8.17,8.17,35640
1998,Maryland,8.17,8.17,50016
1998,Massachusetts,8.33,8.33,42345
1998,Michigan,8.17,8.17,41821
1998,Minnesota,8.17,8.17,47926
1998,Mississippi,0,8.17,29120
1998,Missouri,8.17,8.17,40201
1998,Montana,8.17,8.17,31577
1998,Nebraska,8.17,8.17,36413
1998,Nevada,8.17,8.17,39756
1998,New Hampshire,8.17,8.17,44958
1998,New Jersey,8.01,8.17,49826
1998,New Mexico,6.74,8.17,31543
1998,New York,6.74,8.17,37394
1998,North Carolina,8.17,8.17,35838
1998,North Dakota,8.17,8.17,30304
1998,Ohio,6.74,8.17,38925
1998,Oklahoma,8.17,8.17,33727
1998,Oregon,9.52,9.52,39067
1998,Pennsylvania,8.17,8.17,39015
1998,Rhode Island,8.17,8.17,40686
1998,South Carolina,0,8.17,33267
1998,South Dakota,8.17,8.17,32786
1998,Tennessee,0,8.17,34091
1998,Texas,5.32,8.17,35783
1998,Utah,8.17,8.17,44299
1998,Vermont,8.33,8.33,39372
1998,Virginia,8.17,8.17,43354
1998,Washington,7.78,8.17,47421
1998,West Virginia,7.54,8.17,26704
1998,Wisconsin,8.17,8.17,41327
1998,Wyoming,2.54,8.17,35250
1999,Alabama,0,8,36251
1999,Alaska,8.77,8.77,51396
1999,Arizona,0,8,36995
1999,Arkansas,8,8,29682
1999,California,8,8,43629
1999,Colorado,8,8,48177
1999,Connecticut,8.04,8.04,50593
1999,Delaware,8,8,46628
1999,District of Columbia,9.55,9.55,38670
1999,Florida,0,8,35831
1999,Georgia,5.05,8,39425
1999,Hawaii,8.15,8.15,44504
1999,Idaho,8,8,35800
1999,Illinois,8,8,46330
1999,Indiana,5.2,8,40838
1999,Iowa,8,8,41098
1999,Kansas,4.11,8,37348
1999,Kentucky,6.6,8,33738
1999,Louisiana,0,8,32654
1999,Maine,8,8,38862
1999,Maryland,8,8,52205
1999,Massachusetts,8.15,8.15,44005
1999,Michigan,8,8,46089
1999,Minnesota,8,8,47038
1999,Mississippi,0,8,32478
1999,Missouri,8,8,41383
1999,Montana,8,8,31038
1999,Nebraska,8,8,38626
1999,Nevada,8,8,41461
1999,New Hampshire,8,8,46055
1999,New Jersey,7.84,8,49734
1999,New Mexico,6.6,8,32574
1999,New York,6.6,8,39989
1999,North Carolina,8,8,37254
1999,North Dakota,8,8,32663
1999,Ohio,6.6,8,39489
1999,Oklahoma,8,8,32683
1999,Oregon,9.32,9.32,40619
1999,Pennsylvania,8,8,37758
1999,Rhode Island,8,8,42719
1999,South Carolina,0,8,36462
1999,South Dakota,8,8,35828
1999,Tennessee,0,8,36522
1999,Texas,5.2,8,38688
1999,Utah,8,8,46050
1999,Vermont,8.15,8.15,41584
1999,Virginia,8,8,45693
1999,Washington,7.61,8,45473
1999,West Virginia,7.37,8,29297
1999,Wisconsin,8,8,45667
1999,Wyoming,2.48,8,37248
2000,Alabama,0,7.74,35424
2000,Alaska,8.49,8.49,52847
2000,Arizona,0,7.74,39783
2000,Arkansas,7.74,7.74,29697
2000,California,8.64,8.64,46816
2000,Colorado,7.74,7.74,48240
2000,Connecticut,9.24,9.24,50172
2000,Delaware,8.49,8.49,50365
2000,District of Columbia,9.24,9.24,41222
2000,Florida,0,7.74,38856
2000,Georgia,4.88,7.74,41901
2000,Hawaii,7.89,7.89,51546
2000,Idaho,7.74,7.74,37611
2000,Illinois,7.74,7.74,46064
2000,Indiana,7.74,7.74,40865
2000,Iowa,7.74,7.74,40991
2000,Kansas,3.98,7.74,41059
2000,Kentucky,7.74,7.74,36265
2000,Louisiana,0,7.74,30718
2000,Maine,7.74,7.74,37266
2000,Maryland,7.74,7.74,54535
2000,Massachusetts,9.01,9.01,46753
2000,Michigan,7.74,7.74,45512
2000,Minnesota,7.36,7.74,54251
2000,Mississippi,0,7.74,34299
2000,Missouri,7.74,7.74,45097
2000,Montana,6.01,7.74,32777
2000,Nebraska,7.74,7.74,41750
2000,Nevada,7.74,7.74,45758
2000,New Hampshire,7.74,7.74,50926
2000,New Jersey,7.74,7.74,50405
2000,New Mexico,6.38,7.74,35093
2000,New York,6.38,7.74,40744
2000,North Carolina,7.74,7.74,38317
2000,North Dakota,7.74,7.74,35996
2000,Ohio,4.21,7.74,42962
2000,Oklahoma,3,7.74,32432
2000,Oregon,9.76,9.76,42499
2000,Pennsylvania,7.74,7.74,42176
2000,Rhode Island,8.49,8.49,42197
2000,South Carolina,0,7.74,37570
2000,South Dakota,7.74,7.74,36475
2000,Tennessee,0,7.74,34096
2000,Texas,5.03,7.74,38609
2000,Utah,7.74,7.74,47550
2000,Vermont,8.64,8.64,39594
2000,Virginia,7.74,7.74,47163
2000,Washington,9.76,9.76,42525
2000,West Virginia,7.74,7.74,29411
2000,Wisconsin,7.74,7.74,45088
2000,Wyoming,2.4,7.74,39629
2001,Alabama,0,7.52,35160
2001,Alaska,8.25,8.25,57363
2001,Arizona,0,7.52,42704
2001,Arkansas,7.52,7.52,33339
2001,California,9.13,9.13,47262
2001,Colorado,7.52,7.52,49397
2001,Connecticut,9.35,9.35,53347
2001,Delaware,8.98,8.98,49602
2001,District of Columbia,8.98,8.98,41169
2001,Florida,0,7.52,36421
2001,Georgia,4.75,7.52,42576
2001,Hawaii,7.67,7.67,47439
2001,Idaho,7.52,7.52,38241
2001,Illinois,7.52,7.52,46171
2001,Indiana,7.52,7.52,40379
2001,Iowa,7.52,7.52,40976
2001,Kansas,3.87,7.52,41415
2001,Kentucky,7.52,7.52,38437
2001,Louisiana,0,7.52,33322
2001,Maine,7.52,7.52,36612
2001,Maryland,7.52,7.52,53530
2001,Massachusetts,9.86,9.86,52253
2001,Michigan,7.52,7.52,45047
2001,Minnesota,7.16,7.52,52681
2001,Mississippi,0,7.52,30161
2001,Missouri,7.52,7.52,41339
2001,Montana,5.84,7.52,32126
2001,Nebraska,7.52,7.52,43611
2001,Nevada,7.52,7.52,45403
2001,New Hampshire,7.52,7.52,51331
2001,New Jersey,7.52,7.52,51771
2001,New Mexico,6.21,7.52,33124
2001,New York,7.52,7.52,42114
2001,North Carolina,7.52,7.52,38162
2001,North Dakota,7.52,7.52,35793
2001,Ohio,4.09,7.52,41785
2001,Oklahoma,2.92,7.52,35609
2001,Oregon,9.49,9.49,41273
2001,Pennsylvania,7.52,7.52,43499
2001,Rhode Island,8.98,8.98,45723
2001,South Carolina,0,7.52,37736
2001,South Dakota,7.52,7.52,39671
2001,Tennessee,0,7.52,35783
2001,Texas,4.89,7.52,40860
2001,Utah,7.52,7.52,47342
2001,Vermont,9.13,9.13,40794
2001,Virginia,7.52,7.52,50241
2001,Washington,9.81,9.81,42490
2001,West Virginia,7.52,7.52,29673
2001,Wisconsin,7.52,7.52,45346
2001,Wyoming,2.34,7.52,39719
2002,Alabama,0,7.4,37603
2002,Alaska,8.12,8.12,52774
2002,Arizona,0,7.4,39734
2002,Arkansas,7.4,7.4,32387
2002,California,9.71,9.71,47437
2002,Colorado,7.4,7.4,48294
2002,Connecticut,9.63,9.63,53387
2002,Delaware,8.84,8.84,49650
2002,District of Columbia,8.84,8.84,39070
2002,Florida,0,7.4,38024
2002,Georgia,7.4,7.4,42939
2002,Hawaii,8.27,8.27,47303
2002,Idaho,7.4,7.4,37715
2002,Illinois,7.4,7.4,42710
2002,Indiana,7.4,7.4,41047
2002,Iowa,7.4,7.4,41049
2002,Kansas,3.81,7.4,42619
2002,Kentucky,7.4,7.4,36762
2002,Louisiana,0,7.4,34008
2002,Maine,8.27,8.27,36853
2002,Maryland,7.4,7.4,56407
2002,Massachusetts,9.71,9.71,49855
2002,Michigan,7.4,7.4,42715
2002,Minnesota,7.05,7.4,54622
2002,Mississippi,0,7.4,30882
2002,Missouri,7.4,7.4,42776
2002,Montana,5.75,7.4,34835
2002,Nebraska,7.4,7.4,42796
2002,Nevada,7.4,7.4,44958
2002,New Hampshire,7.4,7.4,55321
2002,New Jersey,7.4,7.4,54568
2002,New Mexico,6.11,7.4,35457
2002,New York,7.4,7.4,41966
2002,North Carolina,7.4,7.4,36515
2002,North Dakota,7.4,7.4,36200
2002,Ohio,4.03,7.4,42684
2002,Oklahoma,2.88,7.4,36458
2002,Oregon,9.35,9.35,41802
2002,Pennsylvania,7.4,7.4,42498
2002,Rhode Island,8.84,8.84,42417
2002,South Carolina,0,7.4,37812
2002,South Dakota,7.4,7.4,37873
2002,Tennessee,0,7.4,37030
2002,Texas,7.4,7.4,40149
2002,Utah,7.4,7.4,47861
2002,Vermont,8.99,8.99,42999
2002,Virginia,7.4,7.4,49631
2002,Washington,9.92,9.92,45183
2002,West Virginia,7.4,7.4,29359
2002,Wisconsin,7.4,7.4,45903
2002,Wyoming,7.4,7.4,39763
2003,Alabama,0,7.24,37255
2003,Alaska,10.05,10.05,51837
2003,Arizona,0,7.24,41166
2003,Arkansas,7.24,7.24,32002
2003,California,9.49,9.49,49300
2003,Colorado,7.24,7.24,49940
2003,Connecticut,9.7,9.7,54965
2003,Delaware,8.65,8.65,49019
2003,District of Columbia,8.65,8.65,45044
2003,Florida,0,7.24,38972
2003,Georgia,7.24,7.24,42438
2003,Hawaii,8.79,8.79,51834
2003,Idaho,7.24,7.24,42372
2003,Illinois,7.24,7.24,45153
2003,Indiana,7.24,7.24,42425
2003,Iowa,7.24,7.24,41384
2003,Kansas,3.73,7.24,44232
2003,Kentucky,7.24,7.24,36936
2003,Louisiana,0,7.24,33507
2003,Maine,8.79,8.79,37113
2003,Maryland,7.24,7.24,52314
2003,Massachusetts,9.49,9.49,50955
2003,Michigan,7.24,7.24,45022
2003,Minnesota,6.89,7.24,52823
2003,Mississippi,0,7.24,32728
2003,Missouri,7.24,7.24,43762
2003,Montana,5.62,7.24,34108
2003,Nebraska,7.24,7.24,43974
2003,Nevada,7.24,7.24,45184
2003,New Hampshire,7.24,7.24,55567
2003,New Jersey,7.24,7.24,56045
2003,New Mexico,5.97,7.24,35105
2003,New York,7.24,7.24,42788
2003,North Carolina,7.24,7.24,37279
2003,North Dakota,7.24,7.24,40410
2003,Ohio,3.94,7.24,43520
2003,Oklahoma,2.81,7.24,35902
2003,Oregon,9.7,9.7,41638
2003,Pennsylvania,7.24,7.24,42933
2003,Rhode Island,8.65,8.65,44711
2003,South Carolina,0,7.24,38479
2003,South Dakota,7.24,7.24,39522
2003,Tennessee,0,7.24,37523
2003,Texas,7.24,7.24,39271
2003,Utah,7.24,7.24,49275
2003,Vermont,8.79,8.79,43261
2003,Virginia,7.24,7.24,54783
2003,Washington,9.85,9.85,47508
2003,West Virginia,7.24,7.24,32763
2003,Wisconsin,7.24,7.24,46269
2003,Wyoming,7.24,7.24,42555
2004,Alabama,0,7.05,36629
2004,Alaska,9.79,9.79,55063
2004,Arizona,0,7.05,43846
2004,Arkansas,7.05,7.05,34984
2004,California,9.24,9.24,49222
2004,Colorado,7.05,7.05,50886
2004,Connecticut,9.72,9.72,55100
2004,Delaware,8.42,8.42,48049
2004,District of Columbia,8.42,8.42,43451
2004,Florida,0,7.05,40535
2004,Georgia,7.05,7.05,40984
2004,Hawaii,8.56,8.56,56242
2004,Idaho,7.05,7.05,44358
2004,Illinois,7.53,7.53,46077
2004,Indiana,7.05,7.05,42329
2004,Iowa,7.05,7.05,43391
2004,Kansas,3.63,7.05,41066
2004,Kentucky,7.05,7.05,35610
2004,Louisiana,0,7.05,36429
2004,Maine,8.56,8.56,41329
2004,Maryland,7.05,7.05,57103
2004,Massachusetts,9.24,9.24,52019
2004,Michigan,7.05,7.05,42256
2004,Minnesota,6.71,7.05,56104
2004,Mississippi,0,7.05,34755
2004,Missouri,7.05,7.05,42137
2004,Montana,5.48,7.05,33956
2004,Nebraska,7.05,7.05,43786
2004,Nevada,7.05,7.05,47204
2004,New Hampshire,7.05,7.05,56815
2004,New Jersey,7.05,7.05,55275
2004,New Mexico,7.05,7.05,39562
2004,New York,7.05,7.05,44649
2004,North Carolina,7.05,7.05,40238
2004,North Dakota,7.05,7.05,39220
2004,Ohio,3.83,7.05,43055
2004,Oklahoma,2.74,7.05,39614
2004,Oregon,9.65,9.65,40994
2004,Pennsylvania,7.05,7.05,44106
2004,Rhode Island,9.24,9.24,47935
2004,South Carolina,0,7.05,38691
2004,South Dakota,7.05,7.05,41107
2004,Tennessee,0,7.05,38072
2004,Texas,7.05,7.05,41397
2004,Utah,7.05,7.05,50871
2004,Vermont,9.24,9.24,47329
2004,Virginia,7.05,7.05,51141
2004,Washington,9.8,9.8,49922
2004,West Virginia,7.05,7.05,33373
2004,Wisconsin,7.05,7.05,45732
2004,Wyoming,7.05,7.05,45397
2005,Alabama,0,6.82,37150
2005,Alaska,9.47,9.47,55891
2005,Arizona,0,6.82,45245
2005,Arkansas,6.82,6.82,36658
2005,California,8.94,8.94,51755
2005,Colorado,6.82,6.82,50449
2005,Connecticut,9.4,9.4,56835
2005,Delaware,8.15,8.15,51235
2005,District of Columbia,8.74,8.74,44993
2005,Florida,0,6.82,42990
2005,Georgia,6.82,6.82,45926
2005,Hawaii,8.28,8.28,59586
2005,Idaho,6.82,6.82,44176
2005,Illinois,8.61,8.61,48398
2005,Indiana,6.82,6.82,42437
2005,Iowa,6.82,6.82,46500
2005,Kansas,3.51,6.82,42027
2005,Kentucky,6.82,6.82,36699
2005,Louisiana,0,6.82,37236
2005,Maine,8.41,8.41,43923
2005,Maryland,6.82,6.82,60512
2005,Massachusetts,8.94,8.94,56017
2005,Michigan,6.82,6.82,45933
2005,Minnesota,6.49,6.82,54215
2005,Mississippi,0,6.82,32875
2005,Missouri,6.82,6.82,42986
2005,Montana,5.3,6.82,37313
2005,Nebraska,6.82,6.82,47923
2005,Nevada,6.82,6.82,48209
2005,New Hampshire,6.82,6.82,56984
2005,New Jersey,6.82,6.82,63368
2005,New Mexico,6.82,6.82,38947
2005,New York,7.95,7.95,47176
2005,North Carolina,6.82,6.82,42056
2005,North Dakota,6.82,6.82,42192
2005,Ohio,3.71,6.82,44203
2005,Oklahoma,2.65,6.82,37645
2005,Oregon,9.6,9.6,44159
2005,Pennsylvania,6.82,6.82,46300
2005,Rhode Island,8.94,8.94,49484
2005,South Carolina,0,6.82,40230
2005,South Dakota,6.82,6.82,43151
2005,Tennessee,0,6.82,39406
2005,Texas,6.82,6.82,41422
2005,Utah,6.82,6.82,54813
2005,Vermont,9.27,9.27,50704
2005,Virginia,6.82,6.82,51914
2005,Washington,9.73,9.73,50646
2005,West Virginia,6.82,6.82,36445
2005,Wisconsin,6.82,6.82,44650
2005,Wyoming,6.82,6.82,44718
2006,Alabama,0,6.61,37952
2006,Alaska,9.17,9.17,56418
2006,Arizona,0,6.61,46657
2006,Arkansas,6.61,6.61,37057
2006,California,8.66,8.66,55319
2006,Colorado,6.61,6.61,55697
2006,Connecticut,9.49,9.49,62404
2006,Delaware,7.89,7.89,52438
2006,District of Columbia,8.98,8.98,48477
2006,Florida,8.21,8.21,45676
2006,Georgia,6.61,6.61,49344
2006,Hawaii,8.66,8.66,60470
2006,Idaho,6.61,6.61,46213
2006,Illinois,8.34,8.34,48671
2006,Indiana,6.61,6.61,45407
2006,Iowa,6.61,6.61,48126
2006,Kansas,3.4,6.61,45552
2006,Kentucky,6.61,6.61,39485
2006,Louisiana,0,6.61,36488
2006,Maine,8.34,8.34,45642
2006,Maryland,6.61,6.61,63668
2006,Massachusetts,8.66,8.66,55330
2006,Michigan,6.61,6.61,48647
2006,Minnesota,6.74,6.74,56211
2006,Mississippi,0,6.61,34733
2006,Missouri,6.61,6.61,44579
2006,Montana,5.13,6.61,41105
2006,Nebraska,6.61,6.61,48145
2006,Nevada,6.61,6.61,52282
2006,New Hampshire,6.61,6.61,61970
2006,New Jersey,7.89,7.89,68059
2006,New Mexico,6.61,6.61,40028
2006,New York,8.66,8.66,48222
2006,North Carolina,6.61,6.61,39797
2006,North Dakota,6.61,6.61,41047
2006,Ohio,3.59,6.61,45900
2006,Oklahoma,2.57,6.61,38838
2006,Oregon,9.62,9.62,47091
2006,Pennsylvania,6.61,6.61,48477
2006,Rhode Island,8.66,8.66,53736
2006,South Carolina,0,6.61,39617
2006,South Dakota,6.61,6.61,45427
2006,Tennessee,0,6.61,40693
2006,Texas,6.61,6.61,43307
2006,Utah,6.61,6.61,54628
2006,Vermont,9.3,9.3,51981
2006,Virginia,6.61,6.61,57119
2006,Washington,9.79,9.79,54723
2006,West Virginia,6.61,6.61,38419
2006,Wisconsin,7.31,7.31,51692
2006,Wyoming,6.61,6.61,47041
2007,Alabama,0,6.42,42212
2007,Alaska,8.92,8.92,62993
2007,Arizona,8.42,8.42,47215
2007,Arkansas,7.8,7.8,40795
2007,California,9.36,9.36,55734
2007,Colorado,8.55,8.55,61141
2007,Connecticut,9.54,9.54,64141
2007,Delaware,8.3,8.3,54589
2007,District of Columbia,8.73,8.73,50783
2007,Florida,8.32,8.32,45794
2007,Georgia,6.42,6.42,48641
2007,Hawaii,9.04,9.04,64022
2007,Idaho,6.42,6.42,49184
2007,Illinois,9.36,9.36,52506
2007,Indiana,6.42,6.42,47453
2007,Iowa,6.42,6.42,48908
2007,Kansas,3.31,6.42,48497
2007,Kentucky,6.42,6.42,39452
2007,Louisiana,0,6.42,41313
2007,Maine,8.42,8.42,47894
2007,Maryland,7.67,7.67,65630
2007,Massachusetts,9.36,9.36,58463
2007,Michigan,8.67,8.67,49370
2007,Minnesota,6.55,6.55,58058
2007,Mississippi,0,6.42,37279
2007,Missouri,8.11,8.11,46005
2007,Montana,4.99,6.42,43655
2007,Nebraska,6.42,6.42,49174
2007,Nevada,7.67,7.67,54058
2007,New Hampshire,6.42,6.42,67576
2007,New Jersey,8.92,8.92,60508
2007,New Mexico,6.42,6.42,44356
2007,New York,8.92,8.92,48944
2007,North Carolina,7.67,7.67,43513
2007,North Dakota,6.42,6.42,47205
2007,Ohio,8.55,8.55,49099
2007,Oklahoma,2.5,6.42,43216
2007,Oregon,9.73,9.73,50236
2007,Pennsylvania,7.8,7.8,48437
2007,Rhode Island,9.23,9.23,54210
2007,South Carolina,0,6.42,44213
2007,South Dakota,6.42,6.42,46418
2007,Tennessee,0,6.42,41195
2007,Texas,6.42,6.42,46053
2007,Utah,6.42,6.42,53529
2007,Vermont,9.39,9.39,47390
2007,Virginia,6.42,6.42,59161
2007,Washington,9.89,9.89,58080
2007,West Virginia,7.3,7.3,42091
2007,Wisconsin,8.11,8.11,51277
2007,Wyoming,6.42,6.42,48744
2008,Alabama,0,7.03,44476
2008,Alaska,8.59,8.59,63989
2008,Arizona,8.29,8.29,46914
2008,Arkansas,7.51,7.51,39586
2008,California,9.61,9.61,57014
2008,Colorado,8.43,8.43,60943
2008,Connecticut,9.19,9.19,64682
2008,Delaware,8.59,8.59,50702
2008,District of Columbia,8.41,8.41,55590
2008,Florida,8.16,8.16,44857
2008,Georgia,6.19,7.03,46227
2008,Hawaii,8.71,8.71,61521
2008,Idaho,7.03,7.03,47420
2008,Illinois,9.31,9.31,53254
2008,Indiana,7.03,7.03,46520
2008,Iowa,8.71,8.71,50142
2008,Kansas,3.18,7.03,47877
2008,Kentucky,7.03,7.03,41148
2008,Louisiana,0,7.03,39563
2008,Maine,8.41,8.41,47228
2008,Maryland,7.39,7.39,63711
2008,Massachusetts,9.61,9.61,60320
2008,Michigan,8.59,8.59,49788
2008,Minnesota,6.31,7.03,54925
2008,Mississippi,0,7.03,36446
2008,Missouri,7.99,7.99,46038
2008,Montana,4.81,7.03,42900
2008,Nebraska,7.03,7.03,50728
2008,Nevada,7.6,7.6,54744
2008,New Hampshire,7.81,7.81,66176
2008,New Jersey,8.59,8.59,65306
2008,New Mexico,7.81,7.81,42102
2008,New York,8.59,8.59,50461
2008,North Carolina,7.39,7.39,42930
2008,North Dakota,7.03,7.03,49631
2008,Ohio,8.41,8.41,46934
2008,Oklahoma,2.4,7.03,46111
2008,Oregon,9.55,9.55,51727
2008,Pennsylvania,8.59,8.59,51402
2008,Rhode Island,8.89,8.89,53241
2008,South Carolina,0,7.03,42155
2008,South Dakota,7.03,7.03,51600
2008,Tennessee,0,7.03,39702
2008,Texas,7.03,7.03,46490
2008,Utah,7.03,7.03,62537
2008,Vermont,9.23,9.23,50706
2008,Virginia,7.03,7.03,61985
2008,Washington,9.7,9.7,56631
2008,West Virginia,7.87,7.87,37994
2008,Wisconsin,7.81,7.81,51200
2008,Wyoming,6.19,7.03,53337
2009,Alabama,0,7.9,39980
2009,Alaska,8.62,8.62,61604
2009,Arizona,8.74,8.74,45739
2009,Arkansas,7.54,7.9,36538
2009,California,9.65,9.65,56134
2009,Colorado,8.78,8.78,55930
2009,Connecticut,9.65,9.65,64851
2009,Delaware,8.62,8.62,52114
2009,District of Columbia,9.1,9.1,53141
2009,Florida,8.69,8.69,45631
2009,Georgia,6.21,7.9,43340
2009,Hawaii,8.74,8.74,55649
2009,Idaho,7.9,7.9,46778
2009,Illinois,9.65,9.65,52870
2009,Indiana,7.9,7.9,44305
2009,Iowa,8.74,8.74,50721
2009,Kansas,3.2,7.9,44717
2009,Kentucky,7.9,7.9,42664
2009,Louisiana,0,7.9,45433
2009,Maine,8.74,8.74,47502
2009,Maryland,7.9,7.9,64186
2009,Massachusetts,9.65,9.65,59373
2009,Michigan,8.92,8.92,45994
2009,Minnesota,6.33,7.9,56090
2009,Mississippi,0,7.9,35078
2009,Missouri,8.5,8.5,48769
2009,Montana,4.82,7.9,40437
2009,Nebraska,7.9,7.9,49595
2009,Nevada,7.9,7.9,51434
2009,New Hampshire,8.74,8.74,64131
2009,New Jersey,8.62,8.62,64777
2009,New Mexico,9.04,9.04,43542
2009,New York,8.62,8.62,50216
2009,North Carolina,7.9,7.9,41906
2009,North Dakota,7.9,7.9,50075
2009,Ohio,8.8,8.8,45879
2009,Oklahoma,2.41,7.9,45878
2009,Oregon,10.13,10.13,49098
2009,Pennsylvania,8.62,8.62,48172
2009,Rhode Island,8.92,8.92,51634
2009,South Carolina,0,7.9,41101
2009,South Dakota,7.9,7.9,45826
2009,Tennessee,0,7.9,40517
2009,Texas,7.9,7.9,47475
2009,Utah,7.9,7.9,58491
2009,Vermont,9.72,9.72,52318
2009,Virginia,7.9,7.9,60501
2009,Washington,10.31,10.31,60392
2009,West Virginia,8.74,8.74,40490
2009,Wisconsin,7.84,7.9,51237
2009,Wyoming,6.21,7.9,52470
2010,Alabama,0,8.6,40933
2010,Alaska,9.19,9.19,57848
2010,Arizona,8.6,8.6,46896
2010,Arkansas,7.41,8.6,38587
2010,California,9.49,9.49,54283
2010,Colorado,8.59,8.6,60233
2010,Connecticut,9.79,9.79,65998
2010,Delaware,8.6,8.6,55214
2010,District of Columbia,9.79,9.79,56928
2010,Florida,8.6,8.6,44066
2010,Georgia,6.11,8.6,44117
2010,Hawaii,8.6,8.6,59539
2010,Idaho,8.6,8.6,47050
2010,Illinois,9.79,9.79,50728
2010,Indiana,8.6,8.6,46139
2010,Iowa,8.6,8.6,49016
2010,Kansas,8.6,8.6,46054
2010,Kentucky,8.6,8.6,41104
2010,Louisiana,0,8.6,39300
2010,Maine,8.9,8.9,47931
2010,Maryland,8.6,8.6,64201
2010,Massachusetts,9.49,9.49,60934
2010,Michigan,8.78,8.78,46276
2010,Minnesota,6.23,8.6,52321
2010,Mississippi,0,8.6,38160
2010,Missouri,8.6,8.6,45817
2010,Montana,4.74,8.6,41280
2010,Nebraska,8.6,8.6,52504
2010,Nevada,7.77,8.6,51200
2010,New Hampshire,8.6,8.6,66633
2010,New Jersey,8.6,8.6,62968
2010,New Mexico,8.9,8.9,45134
2010,New York,8.6,8.6,49781
2010,North Carolina,8.6,8.6,43830
2010,North Dakota,8.6,8.6,51006
2010,Ohio,8.66,8.66,45886
2010,Oklahoma,2.37,8.6,43103
2010,Oregon,9.96,9.96,50602
2010,Pennsylvania,8.6,8.6,48314
2010,Rhode Island,8.78,8.78,51623
2010,South Carolina,0,8.6,41698
2010,South Dakota,8.6,8.6,45352
2010,Tennessee,0,8.6,38591
2010,Texas,8.6,8.6,47266
2010,Utah,8.6,8.6,56701
2010,Vermont,9.56,9.56,55928
2010,Virginia,8.6,8.6,60367
2010,Washington,10.14,10.14,56163
2010,West Virginia,8.6,8.6,42777
2010,Wisconsin,8.6,8.6,50351
2010,Wyoming,6.11,8.6,52201
2011,Alabama,0,8.34,42590
2011,Alaska,8.91,8.91,57431
2011,Arizona,8.45,8.45,48621
2011,Arkansas,7.19,8.34,41302
2011,California,9.2,9.2,53367
2011,Colorado,8.46,8.46,58629
2011,Connecticut,9.49,9.49,65415
2011,Delaware,8.34,8.34,54660
2011,District of Columbia,9.49,9.49,55251
2011,Florida,8.34,8.34,45105
2011,Georgia,5.92,8.34,45973
2011,Hawaii,8.34,8.34,59047
2011,Idaho,8.34,8.34,47459
2011,Illinois,9.49,9.49,50637
2011,Indiana,8.34,8.34,44445
2011,Iowa,8.34,8.34,50219
2011,Kansas,8.34,8.34,46147
2011,Kentucky,8.34,8.34,39856
2011,Louisiana,0,8.34,40658
2011,Maine,8.62,8.62,49693
2011,Maryland,8.34,8.34,68876
2011,Massachusetts,9.2,9.2,63313
2011,Michigan,8.51,8.51,48879
2011,Minnesota,6.04,8.34,57820
2011,Mississippi,0,8.34,41090
2011,Missouri,8.34,8.34,45774
2011,Montana,4.6,8.34,40277
2011,Nebraska,8.34,8.34,55616
2011,Nevada,8.34,8.34,47043
2011,New Hampshire,8.34,8.34,65880
2011,New Jersey,8.34,8.34,62338
2011,New Mexico,8.62,8.62,41982
2011,New York,8.34,8.34,50636
2011,North Carolina,8.34,8.34,45206
2011,North Dakota,8.34,8.34,56361
2011,Ohio,8.51,8.51,44648
2011,Oklahoma,2.3,8.34,48455
2011,Oregon,9.77,9.77,51526
2011,Pennsylvania,8.34,8.34,49910
2011,Rhode Island,8.51,8.51,49033
2011,South Carolina,0,8.34,40084
2011,South Dakota,8.34,8.34,47223
2011,Tennessee,0,8.34,42279
2011,Texas,8.34,8.34,49047
2011,Utah,8.34,8.34,55493
2011,Vermont,9.37,9.37,51862
2011,Virginia,8.34,8.34,62616
2011,Washington,9.97,9.97,56850
2011,West Virginia,8.34,8.34,41821
2011,Wisconsin,8.34,8.34,52058
2011,Wyoming,5.92,8.34,54509
2012,Alabama,0,8.17,43464
2012,Alaska,8.73,8.73,63648
2012,Arizona,8.62,8.62,47044
2012,Arkansas,7.04,8.17,39018
2012,California,9.01,9.01,57020
2012,Colorado,8.61,8.61,57255
2012,Connecticut,9.29,9.29,64247
2012,Delaware,8.17,8.17,48972
2012,District of Columbia,9.29,9.29,65246
2012,Florida,8.64,8.64,46071
2012,Georgia,5.8,8.17,48121
2012,Hawaii,8.17,8.17,56263
2012,Idaho,8.17,8.17,47922
2012,Illinois,9.29,9.29,51738
2012,Indiana,8.17,8.17,46158
2012,Iowa,8.17,8.17,53442
2012,Kansas,8.17,8.17,50003
2012,Kentucky,8.17,8.17,41086
2012,Louisiana,0,8.17,39085
2012,Maine,8.45,8.45,49158
2012,Maryland,8.17,8.17,71836
2012,Massachusetts,9.01,9.01,63656
2012,Michigan,8.34,8.34,50015
2012,Minnesota,5.91,8.17,61795
2012,Mississippi,0,8.17,36641
2012,Missouri,8.17,8.17,49764
2012,Montana,4.51,8.17,45088
2012,Nebraska,8.17,8.17,52196
2012,Nevada,8.17,8.17,47333
2012,New Hampshire,8.17,8.17,67819
2012,New Jersey,8.17,8.17,66692
2012,New Mexico,8.45,8.45,43424
2012,New York,8.17,8.17,47680
2012,North Carolina,8.17,8.17,41553
2012,North Dakota,8.17,8.17,55766
2012,Ohio,8.67,8.67,44375
2012,Oklahoma,2.25,8.17,48407
2012,Oregon,9.91,9.91,51775
2012,Pennsylvania,8.17,8.17,51904
2012,Rhode Island,8.34,8.34,56065
2012,South Carolina,0,8.17,44401
2012,South Dakota,8.17,8.17,49415
2012,Tennessee,0,8.17,42995
2012,Texas,8.17,8.17,51926
2012,Utah,8.17,8.17,58341
2012,Vermont,9.53,9.53,55582
2012,Virginia,8.17,8.17,64632
2012,Washington,10.18,10.18,62187
2012,West Virginia,8.17,8.17,43553
2012,Wisconsin,8.17,8.17,53079
2012,Wyoming,5.8,8.17,57512
2013,Alabama,0,8.05,41381
2013,Alaska,8.61,8.61,61137
2013,Arizona,8.66,8.66,50602
2013,Arkansas,6.94,8.05,39919
2013,California,8.88,8.88,57528
2013,Colorado,8.64,8.64,63371
2013,Connecticut,9.16,9.16,67781
2013,Delaware,8.05,8.05,52219
2013,District of Columbia,9.16,9.16,60675
2013,Florida,8.65,8.65,47886
2013,Georgia,5.72,8.05,47439
2013,Hawaii,8.05,8.05,61408
2013,Idaho,8.05,8.05,51767
2013,Illinois,9.16,9.16,57196
2013,Indiana,8.05,8.05,50553
2013,Iowa,8.05,8.05,54855
2013,Kansas,8.05,8.05,51485
2013,Kentucky,8.05,8.05,42158
2013,Louisiana,0,8.05,39622
2013,Maine,8.33,8.33,50121
2013,Maryland,8.05,8.05,65262
2013,Massachusetts,8.88,8.88,62963
2013,Michigan,8.22,8.22,48801
2013,Minnesota,5.83,8.05,60907
2013,Mississippi,0,8.05,40850
2013,Missouri,8.16,8.16,50311
2013,Montana,4.44,8.05,44132
2013,Nebraska,8.05,8.05,53774
2013,Nevada,8.05,8.05,45369
2013,New Hampshire,8.05,8.05,71322
2013,New Jersey,8.05,8.05,61782
2013,New Mexico,8.33,8.33,42127
2013,New York,8.05,8.05,53843
2013,North Carolina,8.05,8.05,41208
2013,North Dakota,8.05,8.05,52888
2013,Ohio,8.72,8.72,46398
2013,Oklahoma,2.22,8.05,43777
2013,Oregon,9.94,9.94,56307
2013,Pennsylvania,8.05,8.05,53952
2013,Rhode Island,8.61,8.61,57812
2013,South Carolina,0,8.05,43749
2013,South Dakota,8.05,8.05,54453
2013,Tennessee,0,8.05,42499
2013,Texas,8.05,8.05,53027
2013,Utah,8.05,8.05,62967
2013,Vermont,9.55,9.55,54842
2013,Virginia,8.05,8.05,67620
2013,Washington,10.2,10.2,60106
2013,West Virginia,8.05,8.05,40241
2013,Wisconsin,8.05,8.05,55258
2013,Wyoming,5.72,8.05,55700
2014,Alabama,0,7.92,42278
2014,Alaska,8.47,8.47,67629
2014,Arizona,8.63,8.63,49254
2014,Arkansas,6.83,7.92,44922
2014,California,9.83,9.83,60487
2014,Colorado,8.74,8.74,60940
2014,Connecticut,9.51,9.51,70161
2014,Delaware,8.47,8.47,57522
2014,District of Columbia,10.38,10.38,68277
2014,Florida,8.66,8.66,46140
2014,Georgia,5.63,7.92,49555
2014,Hawaii,7.92,7.92,71223
2014,Idaho,7.92,7.92,53438
2014,Illinois,9.01,9.01,54916
2014,Indiana,7.92,7.92,48060
2014,Iowa,7.92,7.92,57810
2014,Kansas,7.92,7.92,53444
2014,Kentucky,7.92,7.92,42786
2014,Louisiana,0,7.92,42406
2014,Maine,8.19,8.19,51710
2014,Maryland,7.92,7.92,76165
2014,Massachusetts,8.74,8.74,63151
2014,Michigan,8.9,8.9,52005
2014,Minnesota,7.1,7.92,67244
2014,Mississippi,0,7.92,35521
2014,Missouri,8.19,8.19,56630
2014,Montana,8.63,8.63,51102
2014,Nebraska,7.92,7.92,56870
2014,Nevada,7.92,7.92,49875
2014,New Hampshire,7.92,7.92,73397
2014,New Jersey,9.01,9.01,65243
2014,New Mexico,8.19,8.19,46686
2014,New York,8.74,8.74,54310
2014,North Carolina,7.92,7.92,46784
2014,North Dakota,7.92,7.92,60730
2014,Ohio,7.92,7.92,49644
2014,Oklahoma,2.19,7.92,47199
2014,Oregon,9.94,9.94,58875
2014,Pennsylvania,7.92,7.92,55173
2014,Rhode Island,8.74,8.74,58633
2014,South Carolina,0,7.92,44929
2014,South Dakota,7.92,7.92,53053
2014,Tennessee,0,7.92,43716
2014,Texas,7.92,7.92,53875
2014,Utah,7.92,7.92,63383
2014,Vermont,9.54,9.54,60708
2014,Virginia,7.92,7.92,66155
2014,Washington,10.18,10.18,59068
2014,West Virginia,7.92,7.92,39552
2014,Wisconsin,7.92,7.92,58080
2014,Wyoming,5.63,7.92,55690
2015,Alabama,0,7.91,44509
2015,Alaska,9.55,9.55,75112
2015,Arizona,8.79,8.79,52248
2015,Arkansas,8.18,8.18,42798
2015,California,9.82,9.82,63636
2015,Colorado,8.98,8.98,66596
2015,Connecticut,9.99,9.99,72889
2015,Delaware,9,9,57756
2015,District of Columbia,11.46,11.46,70071
2015,Florida,8.79,8.79,48825
2015,Georgia,5.62,7.91,50768
2015,Hawaii,8.46,8.46,64514
2015,Idaho,7.91,7.91,51624
2015,Illinois,9,9,60413
2015,Indiana,7.91,7.91,51983
2015,Iowa,7.91,7.91,60855
2015,Kansas,7.91,7.91,54865
2015,Kentucky,7.91,7.91,42387
2015,Louisiana,0,7.91,45922
2015,Maine,8.18,8.18,50756
2015,Maryland,9,9,73594
2015,Massachusetts,9.82,9.82,67861
2015,Michigan,8.89,8.89,54203
2015,Minnesota,7.91,7.91,68730
2015,Mississippi,0,7.91,40037
2015,Missouri,8.35,8.35,59196
2015,Montana,8.79,8.79,51395
2015,Nebraska,8.73,8.73,60474
2015,Nevada,7.91,7.91,52008
2015,New Hampshire,7.91,7.91,75675
2015,New Jersey,9.15,9.15,68357
2015,New Mexico,8.18,8.18,45119
2015,New York,9.55,9.55,58005
2015,North Carolina,7.91,7.91,50797
2015,North Dakota,7.91,7.91,57415
2015,Ohio,7.91,7.91,53301
2015,Oklahoma,2.18,7.91,47077
2015,Oregon,10.09,10.09,60834
2015,Pennsylvania,7.91,7.91,60389
2015,Rhode Island,9.82,9.82,55701
2015,South Carolina,0,7.91,46360
2015,South Dakota,9.28,9.28,55065
2015,Tennessee,0,7.91,47330
2015,Texas,7.91,7.91,56473
2015,Utah,7.91,7.91,66258
2015,Vermont,9.99,9.99,59494
2015,Virginia,7.91,7.91,61486
2015,Washington,10.33,10.33,67243
2015,West Virginia,8.73,8.73,42824
2015,Wisconsin,7.91,7.91,55425
2015,Wyoming,5.62,7.91,60925
2016,Alabama,0,7.81,47221
2016,Alaska,10.51,10.51,75723
2016,Arizona,8.68,8.68,57100
2016,Arkansas,8.62,8.62,45907
2016,California,10.78,10.78,66637
2016,Colorado,8.96,8.96,70566
2016,Connecticut,10.35,10.35,75923
2016,Delaware,8.89,8.89,58046
2016,District of Columbia,12.39,12.39,70982
2016,Florida,8.68,8.68,51176
2016,Georgia,5.55,7.81,53527
2016,Hawaii,9.16,9.16,72133
2016,Idaho,7.81,7.81,56564
2016,Illinois,8.89,8.89,61386
2016,Indiana,7.81,7.81,56094
2016,Iowa,7.81,7.81,59094
2016,Kansas,7.81,7.81,56810
2016,Kentucky,7.81,7.81,45369
2016,Louisiana,0,7.81,42196
2016,Maine,8.08,8.08,50856
2016,Maryland,9.43,9.43,73760
2016,Massachusetts,10.78,10.78,72266
2016,Michigan,9.16,9.16,57091
2016,Minnesota,7.81,7.81,70218
2016,Mississippi,0,7.81,41099
2016,Missouri,8.24,8.24,55016
2016,Montana,8.68,8.68,57075
2016,Nebraska,9.7,9.7,59374
2016,Nevada,7.81,7.81,55431
2016,New Hampshire,7.81,7.81,76260
2016,New Jersey,9.03,9.03,68468
2016,New Mexico,8.08,8.08,48451
2016,New York,9.7,9.7,61437
2016,North Carolina,7.81,7.81,53764
2016,North Dakota,7.81,7.81,60184
2016,Ohio,7.81,7.81,53985
2016,Oklahoma,2.16,7.81,50943
2016,Oregon,10.51,10.51,59135
2016,Pennsylvania,7.81,7.81,60979
2016,Rhode Island,10.35,10.35,61528
2016,South Carolina,0,7.81,54336
2016,South Dakota,9.21,9.21,57450
2016,Tennessee,0,7.81,51344
2016,Texas,7.81,7.81,58146
2016,Utah,7.81,7.81,67481
2016,Vermont,10.35,10.35,60837
2016,Virginia,7.81,7.81,66451
2016,Washington,10.21,10.21,70310
2016,West Virginia,9.43,9.43,44354
2016,Wisconsin,7.81,7.81,59817
2016,Wyoming,5.55,7.81,57829
2017,Alabama,0,7.65,50865
2017,Alaska,10.34,10.34,77987
2017,Arizona,10.55,10.55,59700
2017,Arkansas,8.97,8.97,49751
2017,California,10.55,10.55,70038
2017,Colorado,9.81,9.81,74984
2017,Connecticut,10.66,10.66,74304
2017,Delaware,8.71,8.71,64961
2017,District of Columbia,12.14,12.14,81282
2017,Florida,8.55,8.55,53086
2017,Georgia,5.43,7.65,57985
2017,Hawaii,9.76,9.76,73599
2017,Idaho,7.65,7.65,59497
2017,Illinois,8.71,8.71,65969
2017,Indiana,7.65,7.65,58767
2017,Iowa,7.65,7.65,63467
2017,Kansas,7.65,7.65,56900
2017,Kentucky,7.65,7.65,49672
2017,Louisiana,0,7.65,43565
2017,Maine,9.5,9.5,53316
2017,Maryland,9.23,9.23,82093
2017,Massachusetts,11.61,11.61,76243
2017,Michigan,9.39,9.39,56405
2017,Minnesota,8.18,8.18,69975
2017,Mississippi,0,7.65,43281
2017,Missouri,8.13,8.13,56530
2017,Montana,8.6,8.6,57407
2017,Nebraska,9.5,9.5,59583
2017,Nevada,7.65,7.65,58041
2017,New Hampshire,7.65,7.65,75630
2017,New Jersey,8.91,8.91,71240
2017,New Mexico,7.91,7.91,45601
2017,New York,10.24,10.24,61543
2017,North Carolina,7.65,7.65,49547
2017,North Dakota,7.65,7.65,60167
2017,Ohio,8.6,8.6,60688
2017,Oklahoma,2.11,7.65,51882
2017,Oregon,10.29,10.29,62498
2017,Pennsylvania,7.65,7.65,61285
2017,Rhode Island,10.13,10.13,65401
2017,South Carolina,0,7.65,54537
2017,South Dakota,9.13,9.13,56914
2017,Tennessee,0,7.65,55306
2017,Texas,7.65,7.65,60092
2017,Utah,7.65,7.65,69789
2017,Vermont,10.55,10.55,63682
2017,Virginia,7.65,7.65,70811
2017,Washington,11.61,11.61,71540
2017,West Virginia,9.23,9.23,46957
2017,Wisconsin,7.65,7.65,63482
2017,Wyoming,5.43,7.65,59536
2018,Alabama,0,7.47,49936
2018,Alaska,10.14,10.14,68734
2018,Arizona,10.82,10.82,62283
2018,Arkansas,8.76,8.76,49781
2018,California,11.33,11.33,70489
2018,Colorado,10.51,10.51,73034
2018,Connecticut,10.4,10.4,72812
2018,Delaware,8.5,8.5,65012
2018,District of Columbia,13.65,13.65,85750
2018,Florida,8.5,8.5,54644
2018,Georgia,5.3,7.47,55821
2018,Hawaii,10.4,10.4,80108
2018,Idaho,7.47,7.47,58728
2018,Illinois,8.5,8.5,70145
2018,Indiana,7.47,7.47,59892
2018,Iowa,7.47,7.47,68718
2018,Kansas,7.47,7.47,63938
2018,Kentucky,7.47,7.47,54555
2018,Louisiana,0,7.47,49973
2018,Maine,10.3,10.3,58663
2018,Maryland,10.4,10.4,86223
2018,Massachusetts,11.33,11.33,86345
2018,Michigan,9.53,9.53,60449
2018,Minnesota,8.28,8.28,71817
2018,Mississippi,0,7.47,42781
2018,Missouri,8.09,8.09,61726
2018,Montana,8.55,8.55,57679
2018,Nebraska,9.27,9.27,67575
2018,Nevada,7.47,7.47,61864
2018,New Hampshire,7.47,7.47,81346
2018,New Jersey,8.86,8.86,74176
2018,New Mexico,7.73,7.73,48283
2018,New York,10.71,10.71,67274
2018,North Carolina,7.47,7.47,53369
2018,North Dakota,7.47,7.47,66505
2018,Ohio,8.55,8.55,61633
2018,Oklahoma,2.06,7.47,54434
2018,Oregon,11.07,11.07,69165
2018,Pennsylvania,7.47,7.47,64524
2018,Rhode Island,10.4,10.4,62266
2018,South Carolina,0,7.47,57444
2018,South Dakota,9.12,9.12,59463
2018,Tennessee,0,7.47,56060
2018,Texas,7.47,7.47,59785
2018,Utah,7.47,7.47,77067
2018,Vermont,10.82,10.82,70066
2018,Virginia,7.47,7.47,77151
2018,Washington,11.85,11.85,79726
2018,West Virginia,9.01,9.01,50573
2018,Wisconsin,7.47,7.47,62629
2018,Wyoming,5.3,7.47,62539
2019,Alabama,0,7.34,56200
2019,Alaska,10.31,10.31,78394
2019,Arizona,12.14,12.14,70674
2019,Arkansas,9.36,9.36,54539
2019,California,12.14,12.14,78105
2019,Colorado,12.14,12.14,72499
2019,Connecticut,11.13,11.13,87291
2019,Delaware,9.36,9.36,74194
2019,District of Columbia,14.16,14.16,93111
2019,Florida,8.66,8.66,58368
2019,Georgia,5.21,7.34,56628
2019,Hawaii,10.22,10.22,88006
2019,Idaho,7.34,7.34,65988
2019,Illinois,9.36,9.36,74399
2019,Indiana,7.34,7.34,66693
2019,Iowa,7.34,7.34,66054
2019,Kansas,7.34,7.34,73151
2019,Kentucky,7.34,7.34,55662
2019,Louisiana,0,7.34,51707
2019,Maine,12.14,12.14,66546
2019,Maryland,11.13,11.13,95572
2019,Massachusetts,12.9,12.9,87707
2019,Michigan,9.76,9.76,64119
2019,Minnesota,8.25,8.25,81426
2019,Mississippi,0,7.34,44787
2019,Missouri,9.56,9.56,60597
2019,Montana,8.75,8.75,60195
2019,Nebraska,9.11,9.11,73071
2019,Nevada,7.34,7.34,70906
2019,New Hampshire,7.34,7.34,86900
2019,New Jersey,11.13,11.13,87726
2019,New Mexico,9.11,9.11,53113
2019,New York,11.94,11.94,71855
2019,North Carolina,7.34,7.34,61159
2019,North Dakota,7.34,7.34,70031
2019,Ohio,8.8,8.8,64663
2019,Oklahoma,2.02,7.34,59397
2019,Oregon,11.38,11.38,74413
2019,Pennsylvania,7.34,7.34,70582
2019,Rhode Island,10.62,10.62,70151
2019,South Carolina,0,7.34,62028
2019,South Dakota,9.41,9.41,64255
2019,Tennessee,0,7.34,56627
2019,Texas,7.34,7.34,67444
2019,Utah,7.34,7.34,84523
2019,Vermont,11.09,11.09,74305
2019,Virginia,7.34,7.34,81313
2019,Washington,13.66,13.66,82454
2019,West Virginia,8.85,8.85,53706
2019,Wisconsin,7.34,7.34,67355
2019,Wyoming,5.21,7.34,65134
2020,Alabama,0,7.25,54393
2020,Alaska,10.19,10.19,74476
2020,Arizona,12,12,66628
2020,Arkansas,10,10,50540
2020,California,13,13,77358
2020,Colorado,12,12,82611
2020,Connecticut,11,11,79043
2020,Delaware,9.25,9.25,69132
2020,District of Columbia,14,14,88311
2020,Florida,8.56,8.56,57435
2020,Georgia,5.15,7.25,58952
2020,Hawaii,10.1,10.1,80729
2020,Idaho,7.25,7.25,66499
2020,Illinois,9.25,9.25,73753
2020,Indiana,7.25,7.25,66360
2020,Iowa,7.25,7.25,68469
2020,Kansas,7.25,7.25,72815
2020,Kentucky,7.25,7.25,56525
2020,Louisiana,0,7.25,50935
2020,Maine,12,12,63440
2020,Maryland,11,11,94384
2020,Massachusetts,12.75,12.75,86725
2020,Michigan,9.65,9.65,63829
2020,Minnesota,8.15,8.15,78461
2020,Mississippi,0,7.25,44966
2020,Missouri,9.45,9.45,61901
2020,Montana,8.65,8.65,56442
2020,Nebraska,9,9,72024
2020,Nevada,7.25,7.25,60956
2020,New Hampshire,7.25,7.25,88235
2020,New Jersey,11,11,85239
2020,New Mexico,9,9,50822
2020,New York,11.8,11.8,68304
2020,North Carolina,7.25,7.25,60266
2020,North Dakota,7.25,7.25,63657
2020,Ohio,8.7,8.7,60110
2020,Oklahoma,2,7.25,52341
2020,Oregon,11.25,11.25,76554
2020,Pennsylvania,7.25,7.25,70117
2020,Rhode Island,10.5,10.5,80012
2020,South Carolina,0,7.25,60097
2020,South Dakota,9.3,9.3,69787
2020,Tennessee,0,7.25,54665
2020,Texas,7.25,7.25,68093
2020,Utah,7.25,7.25,83670
2020,Vermont,10.96,10.96,66902
2020,Virginia,7.25,7.25,81947
2020,Washington,13.5,13.5,81083
2020,West Virginia,8.75,8.75,51615
2020,Wisconsin,7.25,7.25,67094
2020,Wyoming,5.15,7.25,65108
