SAEXP2 Per capita personal consumption expenditures (PCE) by state 1/,,,,,,,,,,,,,,,,,,,,,,,,,,
(dollars) ,,,,,,,,,,,,,,,,,,,,,,,,,,
Bureau of Economic Analysis ,,,,,,,,,,,,,,,,,,,,,,,,,,
State or DC,,,,,,,,,,,,,,,,,,,,,,,,,,
GeoFips,GeoName,LineCode,Description,1997,1998,1999,2000,2001,2002,2003,2004,2005,2006,2007,2008,2009,2010,2011,2012,2013,2014,2015,2016,2017,2018,2019
0,United States,10,      Clothing and footwear,908,935,972,995,975,969,983,1016,1051,1073,1074,1044,991,1024,1067,1100,1109,1133,1150,1165,1169,1207,1229
0,United States,11,      Gasoline and other energy goods,542,480,525,654,625,584,677,795,960,1071,1147,1286,936,1089,1328,1344,1324,1267,965,852,951,1069,1022
0,United States,14,    Household consumption expenditures (for services),12561,13214,13811,14711,15303,15804,16528,17432,18456,19376,20219,20802,20774,21252,21862,22393,22895,23859,24960,25921,26929,28108,29226
0,United States,15,      Housing and utilities,3704,3862,4025,4248,4518,4637,4806,5017,5359,5638,5837,6036,6121,6155,6278,6361,6504,6754,7042,7303,7568,7868,8168
0,United States,16,      Health care,2901,3016,3095,3255,3497,3765,3978,4231,4469,4665,4907,5115,5322,5494,5640,5803,5881,6097,6416,6704,6918,7178,7467
1000,Alabama,10,      Clothing and footwear,813,833,852,855,849,869,848,881,919,928,926,909,877,903,928,926,933,949,967,978,976,1008,1028
1000,Alabama,11,      Gasoline and other energy goods,558,482,529,685,638,595,699,822,997,1141,1205,1351,981,1164,1423,1440,1430,1344,1020,895,993,1099,1055
1000,Alabama,14,    Household consumption expenditures (for services),9900,10356,10770,11357,11795,12385,12927,13533,14460,15011,15472,15964,16067,16474,16813,17186,17567,18190,18944,19666,20378,21169,21995
1000,Alabama,15,      Housing and utilities,2510,2651,2758,2925,3090,3198,3319,3461,3700,3886,4038,4185,4224,4395,4484,4576,4695,4906,5055,5294,5444,5655,5828
1000,Alabama,16,      Health care,2856,2927,2967,3091,3286,3541,3695,3874,4240,4354,4413,4536,4694,4730,4793,4988,5077,5224,5455,5650,5827,6005,6296
2000,Alaska,10,      Clothing and footwear,838,834,845,855,853,855,876,896,907,920,917,918,870,877,908,917,909,933,939,938,931,951,978
2000,Alaska,11,      Gasoline and other energy goods,761,651,715,900,809,759,821,949,1048,1111,1190,1371,1025,1189,1431,1459,1419,1343,973,802,845,926,882
2000,Alaska,14,    Household consumption expenditures (for services),13456,14006,14792,16081,17178,18160,19212,20140,21242,22168,23111,24129,24454,24841,25863,26602,27030,28392,29574,30331,31592,32899,34122
2000,Alaska,15,      Housing and utilities,3832,4015,4229,4443,4726,4875,5042,5257,5598,5952,6249,6535,6657,6543,6753,6904,6993,7371,7876,8133,8574,8872,9098
2000,Alaska,16,      Health care,2804,2938,3190,3720,4275,4794,5203,5561,5936,6212,6520,6927,7243,7496,7861,8240,8411,8946,9244,9625,10162,10716,11337
4000,Arizona,10,      Clothing and footwear,765,767,798,835,835,851,881,925,980,1024,1035,989,949,974,998,1014,1029,1047,1061,1066,1065,1095,1104
4000,Arizona,11,      Gasoline and other energy goods,621,542,589,719,670,595,681,776,964,1075,1187,1283,908,1011,1236,1277,1255,1190,908,789,889,991,962
4000,Arizona,14,    Household consumption expenditures (for services),11944,12566,13146,13798,14216,14701,15261,15913,16740,17347,17971,18161,18157,18480,18793,19076,19459,20159,21131,21873,22962,23858,24676
4000,Arizona,15,      Housing and utilities,3511,3649,3753,3920,4119,4220,4306,4477,4694,4940,5149,5356,5626,5748,5828,5861,5971,6179,6476,6688,6870,7041,7228
4000,Arizona,16,      Health care,2393,2450,2524,2668,2863,3135,3367,3569,3886,4007,4184,4388,4568,4722,4796,4906,4949,4992,5245,5490,5801,5994,6303
5000,Arkansas,10,      Clothing and footwear,784,817,866,913,872,847,856,856,879,887,890,870,862,883,914,944,943,964,978,998,1004,1024,1023
5000,Arkansas,11,      Gasoline and other energy goods,629,568,644,830,788,724,820,968,1150,1282,1348,1509,1125,1367,1674,1711,1714,1567,1189,1064,1167,1302,1234
5000,Arkansas,14,    Household consumption expenditures (for services),9006,9530,9961,10468,11078,11571,12102,12787,13643,14312,14937,15439,15500,15733,16208,16693,17043,17733,18518,19291,20184,21119,22006
5000,Arkansas,15,      Housing and utilities,2547,2665,2751,2915,3109,3176,3276,3437,3694,3906,3998,4174,4210,4256,4344,4435,4563,4716,4890,4982,5158,5429,5577
5000,Arkansas,16,      Health care,2520,2656,2736,2879,3152,3407,3579,3767,4013,4104,4305,4494,4620,4661,4764,4917,4909,5149,5393,5739,6054,6278,6552
6000,California,10,      Clothing and footwear,942,972,1009,1059,1014,1045,1055,1156,1215,1193,1211,1164,1042,1087,1156,1221,1221,1273,1310,1338,1388,1456,1526
6000,California,11,      Gasoline and other energy goods,450,392,420,514,494,484,551,666,772,869,919,1042,739,854,1067,1090,1051,1003,767,710,826,937,922
6000,California,14,    Household consumption expenditures (for services),14039,14682,15301,16215,16722,17120,17886,18952,20109,21266,22313,22870,22476,23193,23917,24570,25063,26164,27718,29112,30599,32166,33928
6000,California,15,      Housing and utilities,4603,4810,4993,5242,5566,5699,5864,6128,6523,6973,7271,7566,7763,7861,8029,8168,8323,8619,9043,9440,9795,10138,10601
6000,California,16,      Health care,2878,2948,2972,3074,3199,3403,3622,3857,4104,4317,4615,4867,4987,5398,5586,5709,5811,6022,6519,6860,7250,7606,8005
8000,Colorado,10,      Clothing and footwear,926,962,1011,1031,1025,1001,1016,1037,1072,1101,1099,1067,1000,1013,1059,1071,1085,1106,1130,1154,1143,1203,1264
8000,Colorado,11,      Gasoline and other energy goods,588,513,563,705,688,615,692,791,921,1004,1082,1225,868,981,1176,1180,1173,1131,877,790,910,1038,991
8000,Colorado,14,    Household consumption expenditures (for services),14138,14961,15786,17021,17627,18054,18784,19692,20645,21525,22417,22867,22687,22932,23417,23777,24311,25344,26513,27659,28687,29870,31165
8000,Colorado,15,      Housing and utilities,4712,4899,5069,5292,5619,5721,5933,6237,6635,6856,6946,7071,7073,6970,7043,7088,7183,7419,7757,8079,8463,8887,9386
8000,Colorado,16,      Health care,2568,2687,2782,2998,3293,3600,3788,4052,4171,4301,4603,4780,4988,5067,5156,5237,5339,5654,5994,6464,6595,6705,6920
9000,Connecticut,10,      Clothing and footwear,1139,1143,1161,1196,1150,1145,1151,1211,1288,1329,1314,1264,1170,1200,1207,1243,1241,1245,1250,1250,1243,1239,1243
9000,Connecticut,11,      Gasoline and other energy goods,703,584,614,753,729,654,780,892,1062,1221,1260,1407,1040,1157,1365,1304,1329,1339,1054,898,1013,1132,1062
9000,Connecticut,14,    Household consumption expenditures (for services),16332,17390,18299,19222,19991,20606,21445,22706,24135,25513,26822,27543,27358,27793,28499,29082,29788,30983,32098,33229,34333,35823,37235
9000,Connecticut,15,      Housing and utilities,5010,5256,5523,5789,6149,6327,6575,6879,7408,7840,8208,8433,8539,8483,8588,8679,8848,9219,9615,9990,10322,10753,11140
9000,Connecticut,16,      Health care,3566,3736,3863,4000,4315,4628,4816,5100,5240,5487,5758,6061,6339,6504,6680,6861,7001,7245,7291,7595,7731,7892,8218
10000,Delaware,10,      Clothing and footwear,957,997,1074,1090,1106,1117,1118,1137,1141,1112,1093,1051,997,1036,1109,1148,1145,1153,1152,1144,1142,1158,1153
10000,Delaware,11,      Gasoline and other energy goods,496,425,476,587,550,529,640,766,935,1053,1143,1312,945,1076,1301,1281,1300,1263,1024,946,1074,1221,1170
10000,Delaware,14,    Household consumption expenditures (for services),13119,13797,14357,15083,15836,16359,17106,18099,19348,20241,21220,22034,22128,22855,23564,24068,24467,25416,26515,27267,28286,29474,30442
10000,Delaware,15,      Housing and utilities,3926,4088,4280,4442,4705,4874,5007,5222,5536,5853,6100,6258,6329,6386,6529,6678,6802,7065,7397,7618,7828,8096,8335
10000,Delaware,16,      Health care,3048,3183,3316,3467,3798,4135,4501,4865,5236,5406,5747,6122,6335,6696,6961,7099,7223,7578,7956,8200,8451,8712,9071
11000,District of Columbia,10,      Clothing and footwear,1326,1308,1335,1321,1244,1226,1315,1358,1463,1500,1565,1540,1386,1401,1455,1428,1451,1521,1605,1668,1700,1732,1793
11000,District of Columbia,11,      Gasoline and other energy goods,1002,733,722,854,745,671,773,896,1088,1161,1156,1173,746,802,893,1010,1053,861,646,575,631,748,696
11000,District of Columbia,14,    Household consumption expenditures (for services),22383,22953,23852,25321,26632,27810,29246,31229,33346,34676,36978,38407,38407,39019,39876,39895,40652,41938,43548,44472,45736,47317,48706
11000,District of Columbia,15,      Housing and utilities,4607,4801,4997,5287,5566,5736,5956,6255,6732,7019,7488,7841,7943,8032,8319,8486,8828,9447,10189,10685,11143,11498,11936
11000,District of Columbia,16,      Health care,5203,5305,5346,5369,5965,6501,6784,7130,7585,7802,8345,8701,9141,9174,9645,9565,9396,9437,9712,9834,10049,10201,10487
12000,Florida,10,      Clothing and footwear,756,765,785,818,809,786,807,844,862,906,922,893,860,904,951,999,1017,1052,1068,1066,1045,1078,1084
12000,Florida,11,      Gasoline and other energy goods,463,428,469,550,535,489,544,637,772,890,948,1007,720,845,1025,1068,1055,1015,773,677,764,837,798
12000,Florida,14,    Household consumption expenditures (for services),13131,13719,14131,15083,15599,15965,16637,17495,18498,19624,20456,21013,21079,21567,22244,22796,23004,23991,25024,25748,26440,27489,28598
12000,Florida,15,      Housing and utilities,3825,3996,4127,4316,4578,4673,4828,4966,5257,5581,5795,6011,6313,6339,6456,6531,6582,6795,7056,7292,7519,7759,8065
12000,Florida,16,      Health care,3052,3139,3177,3379,3642,3933,4105,4328,4512,4738,4948,5133,5357,5462,5579,5761,5758,6032,6290,6499,6579,6808,7107
13000,Georgia,10,      Clothing and footwear,955,971,1029,1006,996,1002,989,1004,1049,1075,1058,1011,958,977,998,1010,1039,1076,1101,1109,1105,1140,1148
13000,Georgia,11,      Gasoline and other energy goods,596,532,590,730,696,636,720,843,1083,1187,1231,1362,985,1134,1387,1379,1364,1320,1009,872,988,1096,1038
13000,Georgia,14,    Household consumption expenditures (for services),11246,11761,12218,13135,13585,14085,14738,15425,16359,16980,17649,18015,17846,18144,18689,19084,19589,20437,21272,22287,23105,23957,24681
13000,Georgia,15,      Housing and utilities,3341,3474,3544,3784,3967,4094,4244,4420,4728,4878,4988,5127,5200,5285,5363,5358,5428,5618,5810,6094,6317,6547,6843
13000,Georgia,16,      Health care,2750,2814,2812,2962,3132,3358,3551,3732,3934,4012,4139,4200,4321,4348,4461,4673,4812,4992,5317,5649,5799,6067,6215
15000,Hawaii,10,      Clothing and footwear,815,757,753,758,715,651,664,687,738,749,745,734,698,733,794,843,837,859,860,886,900,971,983
15000,Hawaii,11,      Gasoline and other energy goods,425,373,400,486,441,414,475,559,658,761,803,908,651,735,843,827,789,739,546,528,596,681,631
15000,Hawaii,14,    Household consumption expenditures (for services),13344,13746,14181,15060,15435,15800,16647,17407,18700,19735,20754,21769,21640,22389,23292,24199,24844,26130,27312,28302,29636,31176,32654
15000,Hawaii,15,      Housing and utilities,3912,4108,4350,4644,4898,5032,5191,5409,5754,6142,6490,6976,7071,7394,7780,8041,8288,8722,9162,9534,9948,10341,10726
15000,Hawaii,16,      Health care,3158,3184,3210,3289,3493,3664,3983,4048,4405,4509,4786,5037,5137,5100,5110,5328,5390,5650,5982,6223,6569,6961,7390
16000,Idaho,10,      Clothing and footwear,630,625,635,667,671,657,673,685,723,753,771,760,730,736,744,785,799,803,816,842,831,872,875
16000,Idaho,11,      Gasoline and other energy goods,667,581,645,818,762,716,806,907,1104,1291,1381,1555,1100,1351,1591,1594,1614,1571,1206,1051,1202,1336,1220
16000,Idaho,14,    Household consumption expenditures (for services),9785,10254,10735,11423,11889,12407,12909,13660,14504,15211,15897,16361,16339,16708,17338,17859,18472,19254,20283,21178,22183,23292,24184
16000,Idaho,15,      Housing and utilities,3116,3257,3397,3591,3812,3969,4017,4191,4465,4568,4675,4846,4926,4915,5149,5370,5639,5797,6095,6206,6405,6508,6607
16000,Idaho,16,      Health care,2152,2273,2371,2522,2728,3007,3194,3395,3641,3796,3981,4130,4336,4493,4715,4877,4994,5265,5614,5958,6171,6487,6777
17000,Illinois,10,      Clothing and footwear,980,1016,1030,1090,1056,1031,1044,1081,1130,1144,1142,1117,1054,1091,1142,1163,1172,1204,1238,1258,1259,1297,1314
17000,Illinois,11,      Gasoline and other energy goods,446,390,423,515,485,453,529,616,733,844,926,1046,759,889,1091,1116,1081,1042,797,709,809,963,879
17000,Illinois,14,    Household consumption expenditures (for services),13298,14005,14573,15606,16245,16784,17623,18559,19697,20586,21535,22159,21973,22491,23018,23433,23941,25123,26320,27315,28417,29635,30668
17000,Illinois,15,      Housing and utilities,3924,4051,4218,4502,4804,4910,5148,5359,5765,5977,6217,6445,6410,6417,6477,6461,6559,6876,7081,7364,7692,8007,8350
17000,Illinois,16,      Health care,2871,2974,3078,3265,3502,3740,3922,4132,4395,4626,4961,5138,5341,5572,5670,5822,5947,6233,6498,6781,6990,7216,7378
18000,Indiana,10,      Clothing and footwear,795,814,858,867,863,868,873,880,891,897,882,866,834,862,889,903,898,911,928,965,973,998,1009
18000,Indiana,11,      Gasoline and other energy goods,629,570,636,796,797,742,863,1010,1193,1350,1456,1613,1138,1334,1599,1632,1617,1521,1157,1034,1163,1317,1255
18000,Indiana,14,    Household consumption expenditures (for services),10815,11382,11904,12559,13179,13742,14413,15330,16158,16742,17436,17815,17913,18217,18756,19458,19851,20475,21189,22001,22994,23920,24806
18000,Indiana,15,      Housing and utilities,3058,3183,3337,3504,3766,3874,4017,4183,4492,4675,4823,5002,5030,5021,5120,5166,5281,5451,5594,5713,5913,6114,6325
18000,Indiana,16,      Health care,2690,2848,2945,3112,3353,3643,3894,4242,4451,4676,4971,5085,5409,5559,5763,6218,6315,6484,6732,7118,7519,7812,8156
19000,Iowa,10,      Clothing and footwear,739,760,796,810,796,787,806,825,844,859,838,848,855,874,871,881,878,889,897,909,910,943,942
19000,Iowa,11,      Gasoline and other energy goods,732,659,748,932,883,816,923,1115,1321,1504,1636,1875,1386,1615,1990,1995,1943,1839,1446,1277,1404,1559,1478
19000,Iowa,14,    Household consumption expenditures (for services),10789,11398,11910,12584,13047,13494,14098,14871,15720,16390,17131,17723,17882,18258,18696,19194,19696,20521,21355,22194,23051,23814,24444
19000,Iowa,15,      Housing and utilities,2876,2994,3132,3346,3564,3654,3823,4006,4313,4516,4679,4776,4782,4815,4910,5041,5226,5417,5600,5839,6073,6300,6517
19000,Iowa,16,      Health care,2698,2876,3015,3192,3429,3667,3812,4042,4279,4478,4680,4904,5086,5223,5348,5480,5534,5801,6036,6320,6437,6539,6702
20000,Kansas,10,      Clothing and footwear,739,792,800,819,820,805,800,780,790,833,873,871,834,853,880,901,900,912,928,939,931,952,952
20000,Kansas,11,      Gasoline and other energy goods,568,510,574,689,652,605,700,809,973,1093,1170,1283,939,1095,1363,1376,1385,1333,1034,910,977,1078,1024
20000,Kansas,14,    Household consumption expenditures (for services),10477,11092,11710,12574,13202,13782,14464,15354,16227,17088,17999,18564,18558,18633,19167,19549,20008,20802,21730,22581,23390,24251,25062
20000,Kansas,15,      Housing and utilities,3080,3230,3347,3597,3832,3911,4049,4242,4548,4759,4895,5036,5100,5077,5180,5257,5408,5630,5844,6117,6359,6643,6831
20000,Kansas,16,      Health care,2785,2878,3030,3152,3426,3649,3849,4134,4378,4547,4810,5049,5188,5282,5489,5706,5746,5866,6161,6398,6557,6729,7042
21000,Kentucky,10,      Clothing and footwear,702,731,785,784,775,765,773,774,789,821,813,789,760,768,792,797,788,815,836,867,867,885,891
21000,Kentucky,11,      Gasoline and other energy goods,623,556,604,758,712,675,800,940,1132,1360,1339,1534,1122,1303,1584,1573,1540,1454,1100,971,1082,1218,1145
21000,Kentucky,14,    Household consumption expenditures (for services),9782,10280,10674,11331,11843,12364,12906,13541,14330,14814,15328,15742,15935,16278,16756,17132,17494,18233,19105,19993,20635,21379,22200
21000,Kentucky,15,      Housing and utilities,2580,2680,2808,2985,3177,3271,3402,3564,3830,3968,4122,4253,4290,4352,4446,4582,4716,4913,5076,5288,5472,5706,5911
21000,Kentucky,16,      Health care,2786,2913,3008,3196,3449,3714,3842,4070,4316,4487,4669,4789,5014,5106,5294,5366,5455,5665,6045,6439,6601,6745,6991
22000,Louisiana,10,      Clothing and footwear,742,780,808,818,817,823,846,860,867,974,987,982,953,958,981,990,1002,1025,1040,1048,1031,1054,1060
22000,Louisiana,11,      Gasoline and other energy goods,532,482,512,640,600,559,643,741,893,1147,1256,1436,1089,1291,1576,1604,1570,1465,1096,982,1080,1194,1139
22000,Louisiana,14,    Household consumption expenditures (for services),9900,10400,10796,11413,11939,12376,12999,13737,14272,15726,16425,16976,17016,17472,17704,17970,18488,19307,20182,20841,21634,22613,23578
22000,Louisiana,15,      Housing and utilities,2836,2965,3087,3313,3495,3558,3705,3862,4085,4515,4561,4686,4553,4623,4691,4723,4945,5156,5412,5599,5859,6177,6370
22000,Louisiana,16,      Health care,2833,2913,2978,3020,3258,3530,3737,4003,4095,4417,4663,4881,5120,5293,5272,5333,5461,5739,6006,6285,6479,6610,6928
23000,Maine,10,      Clothing and footwear,906,928,908,891,900,919,905,963,988,1011,1009,966,927,945,934,931,942,950,955,952,945,961,976
23000,Maine,11,      Gasoline and other energy goods,802,733,793,1011,1005,989,1210,1442,1765,1948,2065,2355,1758,2012,2382,2267,2236,2218,1719,1471,1704,1952,1889
23000,Maine,14,    Household consumption expenditures (for services),11676,12420,13137,13966,14693,15388,16231,17172,18196,19008,19813,20381,20709,21258,21790,22300,22709,23372,24603,25567,26533,27734,28544
23000,Maine,15,      Housing and utilities,3246,3412,3584,3738,3991,4117,4248,4445,4794,5074,5374,5565,5664,5693,5848,6002,6173,6386,6744,6925,7069,7277,7444
23000,Maine,16,      Health care,2971,3181,3405,3594,3866,4123,4368,4724,5040,5298,5608,5861,6105,6287,6522,6688,6695,6854,7301,7589,7812,8040,8216
24000,Maryland,10,      Clothing and footwear,989,1048,1079,1100,1099,1083,1068,1124,1180,1209,1187,1149,1105,1114,1146,1180,1168,1184,1197,1192,1192,1216,1225
24000,Maryland,11,      Gasoline and other energy goods,512,442,482,603,587,565,671,785,935,1057,1130,1202,869,987,1140,1204,1203,1143,875,777,852,977,908
24000,Maryland,14,    Household consumption expenditures (for services),13719,14400,15169,16235,17061,17665,18487,19635,20914,22067,23267,24123,24249,24756,25233,25660,26265,27324,28494,29562,30673,31592,32680
24000,Maryland,15,      Housing and utilities,4489,4705,4943,5196,5468,5615,5812,6109,6545,6912,7329,7680,7864,7935,8058,8259,8575,8983,9456,9939,10297,10656,11051
24000,Maryland,16,      Health care,3032,3122,3224,3389,3714,4008,4253,4594,4842,5048,5345,5635,5838,6016,6169,6299,6339,6599,6919,7119,7323,7459,7717
25000,Massachusetts,10,      Clothing and footwear,1176,1209,1257,1301,1289,1237,1285,1347,1379,1309,1312,1312,1258,1278,1275,1305,1302,1317,1339,1352,1329,1358,1382
25000,Massachusetts,11,      Gasoline and other energy goods,559,496,516,642,621,577,691,821,988,1078,1157,1317,990,1117,1291,1247,1233,1187,905,787,868,946,885
25000,Massachusetts,14,    Household consumption expenditures (for services),16450,17441,18228,19597,20579,21167,22256,23522,24961,26549,27804,28706,28416,28781,29419,30062,30612,31761,33288,34347,35339,36774,38035
25000,Massachusetts,15,      Housing and utilities,4926,5134,5386,5686,6124,6264,6582,6905,7449,7886,8142,8414,8356,8215,8320,8387,8505,8814,9248,9499,9852,10328,10710
25000,Massachusetts,16,      Health care,3943,4194,4183,4477,4756,5115,5398,5761,6055,6566,6999,7324,7627,7744,7852,7976,8023,8183,8530,8802,8855,9098,9324
26000,Michigan,10,      Clothing and footwear,880,895,941,951,926,902,902,906,902,896,880,867,848,884,900,923,927,942,953,966,978,1002,1017
26000,Michigan,11,      Gasoline and other energy goods,550,495,547,706,661,616,720,794,945,1050,1119,1274,923,1105,1367,1325,1340,1283,986,875,979,1120,1074
26000,Michigan,14,    Household consumption expenditures (for services),12430,12980,13575,14354,14845,15335,16009,16813,17748,18472,19084,19633,19653,20055,20583,20919,21363,22200,23133,23922,24548,25418,26230
26000,Michigan,15,      Housing and utilities,3480,3635,3837,4026,4281,4479,4659,4862,5236,5523,5684,5897,5989,5965,6016,5994,6046,6179,6290,6472,6658,6891,7154
26000,Michigan,16,      Health care,2870,2933,2988,3148,3320,3518,3731,4015,4280,4532,4806,5058,5313,5527,5716,5862,5877,6046,6412,6688,6755,6975,7203
27000,Minnesota,10,      Clothing and footwear,914,937,961,1067,1039,997,1023,1069,1073,1054,1039,1035,993,1028,1054,1076,1088,1109,1123,1137,1141,1164,1159
27000,Minnesota,11,      Gasoline and other energy goods,664,607,676,828,785,721,852,976,1168,1319,1390,1568,1126,1309,1625,1625,1562,1482,1121,987,1087,1209,1150
27000,Minnesota,14,    Household consumption expenditures (for services),14039,14762,15670,16703,17264,18071,18840,19626,20402,21351,22089,22530,22588,23102,23846,24362,24977,25996,26963,27963,29078,30375,31276
27000,Minnesota,15,      Housing and utilities,3641,3788,3975,4230,4509,4637,4865,5102,5494,5789,6021,6220,6273,6303,6448,6575,6775,7053,7252,7541,7845,8190,8524
27000,Minnesota,16,      Health care,3504,3627,3827,4033,4304,4721,4867,5075,5261,5588,5801,5882,6167,6352,6488,6654,6819,7088,7386,7731,8001,8394,8618
28000,Mississippi,10,      Clothing and footwear,667,695,749,751,746,756,784,793,824,877,841,839,824,843,863,872,872,912,926,949,950,973,976
28000,Mississippi,11,      Gasoline and other energy goods,567,520,591,730,708,671,778,893,1068,1260,1337,1517,1112,1325,1607,1627,1593,1477,1115,958,1054,1150,1072
28000,Mississippi,14,    Household consumption expenditures (for services),8275,8697,9011,9661,10223,10766,11271,11907,12522,13250,13865,14408,14597,15022,15438,15782,16059,16564,17258,17905,18451,19323,19996
28000,Mississippi,15,      Housing and utilities,2509,2641,2733,2915,3126,3213,3365,3500,3753,3972,4061,4178,4223,4275,4334,4368,4490,4660,4838,4998,5157,5405,5590
28000,Mississippi,16,      Health care,2576,2689,2697,2854,3107,3358,3544,3859,4002,4294,4578,4788,4896,5047,5203,5358,5393,5512,5714,5892,5954,6224,6465
29000,Missouri,10,      Clothing and footwear,778,799,827,797,794,838,860,861,879,894,880,867,857,853,888,907,908,926,939,955,963,976,987
29000,Missouri,11,      Gasoline and other energy goods,674,614,680,813,787,745,868,1012,1233,1391,1495,1736,1266,1499,1812,1876,1835,1731,1323,1173,1300,1430,1375
29000,Missouri,14,    Household consumption expenditures (for services),11572,12266,12908,13764,14282,14837,15398,16069,16883,17506,18407,19052,19278,19737,20436,21041,21433,22072,23056,23853,24748,25717,26727
29000,Missouri,15,      Housing and utilities,3009,3149,3283,3489,3740,3823,3942,4126,4417,4645,4806,4946,5011,5065,5210,5301,5440,5633,5870,6054,6270,6555,6792
29000,Missouri,16,      Health care,2912,3084,3169,3323,3602,3885,4135,4330,4553,4572,4966,5298,5469,5577,5823,6018,6069,6159,6502,6810,7024,7239,7606
30000,Montana,10,      Clothing and footwear,636,631,659,669,681,705,735,767,796,828,853,840,807,835,856,872,874,894,907,914,909,904,905
30000,Montana,11,      Gasoline and other energy goods,607,554,647,828,854,825,815,1019,1285,1497,1734,2114,1531,1727,2012,2067,1899,1796,1339,1129,1212,1331,1243
30000,Montana,14,    Household consumption expenditures (for services),10175,10784,11330,12045,12730,13297,13917,14722,15753,16483,17347,17870,18079,18563,19303,20050,20616,21152,22382,23153,24087,25176,26290
30000,Montana,15,      Housing and utilities,2936,3070,3237,3429,3674,3770,3904,4141,4520,4721,4885,4946,4970,4980,5196,5437,5579,5712,5996,6152,6448,6676,7000
30000,Montana,16,      Health care,2451,2637,2834,3016,3313,3563,3734,3927,4204,4355,4663,4939,5239,5430,5650,5871,6077,6207,6705,7032,7305,7563,7931
31000,Nebraska,10,      Clothing and footwear,775,795,815,836,828,809,826,855,876,875,884,872,859,880,907,915,917,946,959,967,969,981,979
31000,Nebraska,11,      Gasoline and other energy goods,670,604,680,839,835,791,965,1174,1418,1607,1769,2021,1494,1777,2173,2189,2106,1924,1420,1285,1374,1523,1447
31000,Nebraska,14,    Household consumption expenditures (for services),11413,11973,12604,13604,14294,14808,15598,16452,17436,18168,18900,19560,19576,20066,20664,21152,21646,22342,23335,24304,25251,26151,26912
31000,Nebraska,15,      Housing and utilities,3043,3165,3300,3523,3810,3860,3988,4155,4492,4684,4843,4950,4968,4963,5089,5173,5392,5609,5822,6006,6241,6497,6759
31000,Nebraska,16,      Health care,2579,2731,2866,3130,3475,3770,4082,4362,4701,4926,5106,5388,5503,5733,5902,6036,6061,6205,6580,6938,7200,7349,7518
32000,Nevada,10,      Clothing and footwear,658,700,773,757,757,751,804,871,939,979,992,998,937,1000,1077,1114,1135,1174,1177,1166,1136,1169,1192
32000,Nevada,11,      Gasoline and other energy goods,567,495,558,659,617,569,658,788,977,1116,1105,1222,848,982,1190,1210,1208,1172,910,814,933,1020,945
32000,Nevada,14,    Household consumption expenditures (for services),12213,12758,13543,14463,14859,15547,16178,17140,18405,19484,20544,21176,21241,21722,22409,22838,23312,24202,25032,25785,26542,27369,27850
32000,Nevada,15,      Housing and utilities,3938,4056,4126,4248,4509,4616,4657,4833,5121,5452,5692,5947,6330,6460,6591,6671,6735,6961,7207,7308,7419,7521,7713
32000,Nevada,16,      Health care,2264,2363,2479,2615,2824,3115,3266,3514,3650,3771,4041,4200,4264,4308,4444,4482,4638,4876,5067,5314,5503,5682,5844
33000,New Hampshire,10,      Clothing and footwear,1255,1276,1354,1348,1335,1328,1345,1390,1401,1399,1332,1290,1218,1262,1237,1295,1335,1357,1361,1369,1378,1408,1424
33000,New Hampshire,11,      Gasoline and other energy goods,746,664,707,902,923,879,1103,1239,1488,1652,1777,2012,1471,1659,1966,1889,1939,1937,1488,1242,1432,1611,1531
33000,New Hampshire,14,    Household consumption expenditures (for services),14051,14915,15688,16742,17435,18205,19309,20558,21927,23141,24386,25354,26073,26683,27347,27821,28502,29367,30856,32096,33159,34548,35749
33000,New Hampshire,15,      Housing and utilities,4587,4798,5020,5240,5530,5690,5915,6215,6689,7081,7400,7713,7913,7954,8121,8231,8420,8701,9090,9307,9594,9905,10180
33000,New Hampshire,16,      Health care,3055,3195,3318,3458,3713,4086,4463,4875,5287,5558,6029,6351,6794,7036,7192,7259,7349,7563,8027,8454,8648,8957,9380
34000,New Jersey,10,      Clothing and footwear,1255,1258,1315,1359,1313,1328,1337,1353,1395,1426,1457,1401,1326,1361,1395,1459,1471,1497,1523,1535,1532,1561,1593
34000,New Jersey,11,      Gasoline and other energy goods,479,407,425,510,504,457,556,664,821,948,1047,1154,851,972,1210,1237,1218,1166,902,777,840,900,867
34000,New Jersey,14,    Household consumption expenditures (for services),15320,16232,16872,18018,18894,19771,20751,21954,23208,24553,25597,26315,26307,26629,27195,27926,28672,29715,30931,31968,32941,34405,35765
34000,New Jersey,15,      Housing and utilities,4947,5147,5417,5642,6001,6213,6479,6851,7287,7785,8171,8497,8633,8670,8801,8910,9089,9371,9752,10101,10420,10828,11215
34000,New Jersey,16,      Health care,3130,3317,3315,3534,3757,4104,4327,4599,4841,5042,5276,5473,5760,5807,5889,6187,6312,6530,6921,7241,7458,7777,8229
35000,New Mexico,10,      Clothing and footwear,656,660,697,688,705,728,761,788,759,778,792,778,763,767,768,789,791,808,816,833,837,857,862
35000,New Mexico,11,      Gasoline and other energy goods,628,571,635,807,761,747,862,1019,1237,1391,1476,1731,1254,1408,1692,1690,1655,1587,1299,1122,1197,1393,1223
35000,New Mexico,14,    Household consumption expenditures (for services),10380,10816,11295,11817,12330,12766,13311,14161,15026,15707,16328,17056,17340,17743,18227,18726,19133,20044,20934,21702,22357,23301,24079
35000,New Mexico,15,      Housing and utilities,3025,3140,3262,3451,3679,3738,3862,4063,4304,4490,4598,4755,4778,4793,4921,5078,5262,5494,5756,5936,6179,6408,6590
35000,New Mexico,16,      Health care,2475,2513,2571,2620,2784,3005,3114,3539,3850,3896,4086,4417,4750,4919,5075,5243,5249,5532,5826,6160,6228,6504,6825
36000,New York,10,      Clothing and footwear,1195,1231,1301,1340,1317,1321,1341,1385,1442,1522,1522,1489,1405,1485,1610,1661,1700,1735,1734,1754,1746,1829,1906
36000,New York,11,      Gasoline and other energy goods,371,319,346,441,425,401,481,560,664,740,798,922,680,775,924,894,887,856,660,567,639,727,701
36000,New York,14,    Household consumption expenditures (for services),14752,15553,16351,17455,18059,18535,19525,20747,22107,23401,24564,25281,25160,25774,26632,27391,28301,29917,31284,32708,34257,36158,37917
36000,New York,15,      Housing and utilities,4138,4306,4510,4752,5077,5212,5428,5660,6120,6438,6757,7010,7084,7118,7313,7392,7584,7937,8310,8591,8916,9320,9657
36000,New York,16,      Health care,3464,3634,3777,3933,4197,4480,4766,5074,5274,5495,5744,5908,6184,6333,6454,6544,6691,6968,7237,7671,8032,8603,9165
37000,North Carolina,10,      Clothing and footwear,862,884,927,952,944,892,901,910,950,963,972,923,881,905,925,941,963,987,1003,1028,1016,1045,1085
37000,North Carolina,11,      Gasoline and other energy goods,598,524,570,731,695,645,747,874,1037,1156,1186,1321,962,1137,1363,1388,1354,1284,941,837,932,1065,1013
37000,North Carolina,14,    Household consumption expenditures (for services),10384,10961,11483,12235,12665,13021,13580,14315,15085,15720,16412,16742,16885,17229,17673,18101,18505,19090,20022,20912,21842,22856,23748
37000,North Carolina,15,      Housing and utilities,2995,3118,3237,3412,3588,3700,3833,3987,4232,4371,4509,4596,4704,4794,4861,4965,5096,5312,5557,5799,5982,6247,6486
37000,North Carolina,16,      Health care,2655,2744,2850,3043,3312,3506,3712,3996,4181,4341,4475,4603,4828,4910,5061,5259,5307,5374,5600,5871,6227,6527,6815
38000,North Dakota,10,      Clothing and footwear,841,864,857,866,866,877,893,901,936,1015,1040,1084,1041,1111,1192,1319,1327,1387,1373,1340,1247,1248,1240
38000,North Dakota,11,      Gasoline and other energy goods,856,784,849,1101,1108,1061,1270,1511,1862,2095,2277,2734,2094,2529,3310,3699,3887,3734,2601,1895,1917,2122,1986
38000,North Dakota,14,    Household consumption expenditures (for services),10394,11015,11488,12084,12912,13748,14353,15220,16196,16897,17798,18788,19412,20270,21738,23635,24637,25966,26458,26699,27635,28952,29983
38000,North Dakota,15,      Housing and utilities,2499,2616,2764,2943,3150,3222,3351,3512,3754,3929,4117,4252,4240,4328,4562,4958,5140,5257,5608,6092,6480,6879,7233
38000,North Dakota,16,      Health care,2966,3161,3250,3388,3759,4154,4231,4500,4781,5000,5292,5679,6080,6258,6615,6837,7082,7442,7811,8195,8516,8721,8954
39000,Ohio,10,      Clothing and footwear,829,883,911,904,887,873,891,874,879,908,882,850,815,844,864,917,927,945,957,974,974,979,980
39000,Ohio,11,      Gasoline and other energy goods,513,461,536,668,600,572,666,755,881,963,1126,1171,873,1068,1354,1406,1389,1331,1037,901,994,1093,1042
39000,Ohio,14,    Household consumption expenditures (for services),11604,12214,12869,13764,14458,14954,15627,16508,17572,18296,19128,19684,19792,20324,20934,21519,21946,22863,23924,24778,25709,26799,27690
39000,Ohio,15,      Housing and utilities,3144,3264,3445,3673,3910,4013,4181,4368,4707,4916,5091,5263,5291,5288,5361,5390,5478,5673,5834,5967,6153,6375,6617
39000,Ohio,16,      Health care,2897,3009,3130,3331,3670,3978,4204,4510,4844,5026,5224,5403,5639,5828,6038,6324,6418,6684,7080,7406,7592,7814,8033
40000,Oklahoma,10,      Clothing and footwear,741,741,767,810,813,810,828,842,885,919,925,921,897,916,953,982,978,987,1005,1030,1038,1075,1101
40000,Oklahoma,11,      Gasoline and other energy goods,620,547,563,737,751,678,743,854,1047,1283,1326,1592,1160,1354,1681,1763,1787,1721,1313,1163,1222,1392,1302
40000,Oklahoma,14,    Household consumption expenditures (for services),9369,9850,10221,10857,11406,11743,12443,13089,14070,14794,15509,16194,16167,16598,17256,17785,18170,19039,19814,20431,21093,22114,22863
40000,Oklahoma,15,      Housing and utilities,2656,2785,2861,3084,3298,3337,3494,3671,3927,4155,4247,4409,4367,4443,4566,4555,4677,4916,5000,5195,5389,5675,5837
40000,Oklahoma,16,      Health care,2535,2643,2684,2813,3054,3297,3628,3822,4145,4273,4494,4731,4807,4904,5091,5237,5268,5527,5865,6002,6110,6355,6622
41000,Oregon,10,      Clothing and footwear,890,896,918,918,906,900,885,941,990,1036,1009,954,906,942,987,1023,1036,1065,1082,1081,1100,1153,1188
41000,Oregon,11,      Gasoline and other energy goods,611,538,585,741,650,575,643,775,918,1034,1109,1238,874,987,1157,1145,1161,1122,877,782,893,1022,963
41000,Oregon,14,    Household consumption expenditures (for services),12674,13283,13982,14707,15211,15761,16359,17280,18314,19167,19937,20427,20267,20594,21219,21612,22162,23121,24202,25105,26174,27285,28410
41000,Oregon,15,      Housing and utilities,4154,4371,4576,4827,5114,5330,5469,5727,6052,6294,6511,6668,6731,6654,6860,6940,7110,7309,7623,7834,8147,8402,8708
41000,Oregon,16,      Health care,2455,2563,2698,2871,3136,3474,3630,3917,4222,4457,4732,4924,5103,5276,5439,5554,5707,6080,6422,6739,7024,7237,7596
42000,Pennsylvania,10,      Clothing and footwear,898,931,983,1011,972,959,997,997,1011,1010,1006,993,973,1004,1042,1044,1054,1073,1086,1108,1104,1132,1136
42000,Pennsylvania,11,      Gasoline and other energy goods,518,456,499,625,611,571,673,825,985,1090,1166,1343,1020,1192,1441,1421,1377,1324,1030,931,1012,1137,1099
42000,Pennsylvania,14,    Household consumption expenditures (for services),12654,13335,13954,14950,15703,16320,17251,18258,19414,20361,21289,22024,21951,22690,23376,23816,24387,25308,26356,27156,28190,29555,30804
42000,Pennsylvania,15,      Housing and utilities,3210,3347,3494,3723,4001,4108,4268,4466,4780,4995,5192,5375,5408,5473,5631,5760,5978,6266,6566,6821,7088,7383,7667
42000,Pennsylvania,16,      Health care,3180,3294,3406,3590,3888,4156,4419,4724,5019,5250,5508,5728,5875,6203,6425,6581,6676,6920,7221,7455,7699,8034,8262
44000,Rhode Island,10,      Clothing and footwear,742,750,827,906,865,877,907,958,984,1020,921,886,810,831,857,905,906,929,938,946,947,973,979
44000,Rhode Island,11,      Gasoline and other energy goods,521,451,482,593,591,568,741,822,958,967,996,1133,835,910,1083,1052,1085,1088,861,783,881,1060,1043
44000,Rhode Island,14,    Household consumption expenditures (for services),13140,13719,14110,15170,15877,16565,17672,18802,20095,21225,22314,23176,23324,23834,24485,24874,25441,26483,27790,28571,29449,30435,31448
44000,Rhode Island,15,      Housing and utilities,3967,4125,4309,4557,4876,4977,5220,5497,5986,6423,6751,7148,7238,7254,7423,7520,7698,7968,8388,8565,8758,9042,9248
44000,Rhode Island,16,      Health care,3434,3586,3468,3669,3838,4169,4426,4771,5082,5367,5679,5956,6189,6331,6472,6601,6649,6923,7253,7364,7470,7583,7889
45000,South Carolina,10,      Clothing and footwear,923,941,991,970,952,973,1023,1071,1014,1050,1056,1027,978,986,1008,1021,1026,1056,1065,1088,1115,1164,1202
45000,South Carolina,11,      Gasoline and other energy goods,632,562,616,788,733,708,842,992,1216,1386,1436,1610,1174,1394,1717,1745,1715,1615,1204,1070,1164,1305,1245
45000,South Carolina,14,    Household consumption expenditures (for services),10075,10556,10994,11639,12108,12580,13166,13864,14610,15245,15926,16421,16461,16929,17309,17597,18092,18816,19571,20297,20894,21629,22283
45000,South Carolina,15,      Housing and utilities,2819,2950,3062,3226,3393,3495,3618,3756,4004,4161,4306,4431,4516,4650,4746,4835,4975,5189,5426,5666,5809,6002,6175
45000,South Carolina,16,      Health care,2532,2627,2725,2897,3155,3403,3580,3783,3987,4149,4345,4556,4712,4832,4923,4962,5090,5303,5410,5538,5607,5773,5890
46000,South Dakota,10,      Clothing and footwear,746,748,761,759,743,748,770,771,825,835,835,841,848,868,887,912,915,946,976,1000,999,1035,1039
46000,South Dakota,11,      Gasoline and other energy goods,735,662,751,951,927,920,1107,1320,1589,1798,1923,2170,1587,1849,2218,2252,2249,2183,1680,1480,1620,1749,1636
46000,South Dakota,14,    Household consumption expenditures (for services),10749,11309,11917,12479,13046,13722,14562,15493,16596,17448,18380,19165,19499,20283,21060,21842,22729,23538,24965,26077,27366,28910,30206
46000,South Dakota,15,      Housing and utilities,2686,2805,2945,3143,3354,3449,3567,3748,4011,4176,4357,4418,4395,4446,4587,4921,5127,5170,5533,5825,5981,6225,6550
46000,South Dakota,16,      Health care,2818,2967,3171,3322,3613,3975,4292,4558,5006,5261,5534,5955,6328,6604,6857,7014,7426,7721,8192,8445,8945,9482,10083
47000,Tennessee,10,      Clothing and footwear,912,955,971,979,963,933,912,940,965,976,986,938,877,915,947,967,964,980,1008,1027,1044,1074,1082
47000,Tennessee,11,      Gasoline and other energy goods,605,535,603,756,643,590,660,788,945,1048,1135,1305,908,1052,1299,1331,1271,1248,939,842,957,1094,1079
47000,Tennessee,14,    Household consumption expenditures (for services),10846,11280,11750,12416,12948,13502,14143,14813,15579,16330,16746,16962,16956,17415,17829,18231,18515,19375,20377,21354,22299,23322,24118
47000,Tennessee,15,      Housing and utilities,3098,3261,3397,3582,3808,3923,4055,4215,4483,4673,4791,4937,4968,5040,5137,5170,5260,5454,5652,5908,6100,6396,6665
47000,Tennessee,16,      Health care,3040,3061,3094,3250,3500,3735,3937,4208,4409,4664,4781,4850,5003,5140,5218,5415,5460,5659,5965,6154,6302,6456,6584
48000,Texas,10,      Clothing and footwear,913,940,967,1000,978,962,976,981,1046,1105,1118,1081,1054,1077,1146,1186,1187,1194,1206,1224,1220,1259,1258
48000,Texas,11,      Gasoline and other energy goods,556,489,528,666,657,606,694,826,1103,1075,1184,1299,966,1133,1425,1475,1473,1441,1055,916,1005,1133,1092
48000,Texas,14,    Household consumption expenditures (for services),11860,12429,12873,13713,14263,14576,15015,15595,16403,17085,17627,18238,18314,18739,19410,19941,20477,21422,22399,23144,24022,25158,26198
48000,Texas,15,      Housing and utilities,3433,3558,3652,3860,4098,4146,4298,4491,4780,5015,5023,5142,5092,5050,5137,5157,5298,5520,5783,5995,6262,6624,6885
48000,Texas,16,      Health care,2576,2703,2755,2894,3167,3445,3579,3744,3951,4063,4249,4461,4680,4798,4915,5080,5089,5288,5621,5838,5928,6059,6279
49000,Utah,10,      Clothing and footwear,807,811,837,825,816,820,844,869,899,955,978,944,920,897,916,965,973,963,981,1002,1018,1082,1100
49000,Utah,11,      Gasoline and other energy goods,560,512,581,740,686,615,686,819,964,1115,1197,1323,913,1024,1248,1333,1309,1266,975,869,978,1106,1078
49000,Utah,14,    Household consumption expenditures (for services),10509,10970,11284,12123,12669,13120,13589,14388,15331,16175,16699,17232,17180,17477,18042,18513,18979,19855,20917,21930,22823,23951,25089
49000,Utah,15,      Housing and utilities,3580,3732,3879,4068,4333,4411,4517,4762,5024,5210,5269,5342,5370,5339,5484,5584,5736,5907,6192,6373,6532,6738,6969
49000,Utah,16,      Health care,2055,2097,2076,2260,2446,2683,2836,3100,3329,3514,3630,3826,3952,4000,4116,4258,4328,4547,4660,4877,4999,5122,5259
50000,Vermont,10,      Clothing and footwear,852,838,848,881,867,849,849,859,894,907,876,842,800,805,808,811,822,827,838,845,849,856,862
50000,Vermont,11,      Gasoline and other energy goods,810,705,763,988,1027,997,1181,1430,1690,1850,1922,2280,1750,1966,2316,2237,2199,2134,1588,1374,1511,1732,1603
50000,Vermont,14,    Household consumption expenditures (for services),12955,13658,14339,15150,15928,16686,17708,18640,19714,20655,21473,22184,22507,23137,23926,24636,25586,26600,27741,28611,29317,30325,30936
50000,Vermont,15,      Housing and utilities,3693,3878,4091,4305,4572,4733,4886,5140,5500,5819,6123,6375,6487,6586,6821,7134,7353,7673,7977,8259,8486,8781,9018
50000,Vermont,16,      Health care,2755,2921,3163,3395,3783,4151,4583,4839,5160,5450,5760,5993,6312,6591,6863,7171,7502,7741,8017,8381,8507,8853,9012
51000,Virginia,10,      Clothing and footwear,974,1007,1076,1065,1052,1054,1081,1133,1161,1190,1172,1140,1084,1115,1132,1152,1148,1151,1155,1156,1147,1169,1179
51000,Virginia,11,      Gasoline and other energy goods,598,541,601,754,730,689,808,939,1144,1267,1337,1498,1086,1260,1488,1482,1434,1353,1012,879,982,1095,1042
51000,Virginia,14,    Household consumption expenditures (for services),12277,13143,13948,15045,15742,16313,17266,18503,19924,21031,22169,23039,23359,23795,24374,25015,25546,26579,27752,28901,29884,30978,31967
51000,Virginia,15,      Housing and utilities,3927,4091,4271,4496,4745,4891,5057,5297,5651,5915,6190,6451,6689,6778,6942,7135,7387,7779,8249,8615,8937,9308,9654
51000,Virginia,16,      Health care,2464,2561,2674,2826,3057,3310,3537,3796,4050,4245,4452,4701,4964,5077,5241,5435,5495,5698,5928,6238,6409,6603,6837
53000,Washington,10,      Clothing and footwear,821,913,910,894,879,847,851,885,967,979,1003,932,840,918,1002,1020,1052,1046,1034,1039,1064,1113,1132
53000,Washington,11,      Gasoline and other energy goods,572,516,557,715,633,575,681,782,906,995,1038,1147,815,925,1098,1086,1085,1029,791,694,807,911,861
53000,Washington,14,    Household consumption expenditures (for services),13262,14326,15151,16232,16741,17220,17912,19154,20123,20999,21960,22781,22780,23070,23655,24484,24962,25986,27348,28447,29611,30886,32276
53000,Washington,15,      Housing and utilities,4446,4638,4864,5114,5456,5645,5788,6016,6368,6615,6845,7040,7159,7097,7279,7413,7572,7801,8187,8493,8869,9189,9585
53000,Washington,16,      Health care,2685,2981,3184,3263,3516,3806,4066,4325,4570,4734,5090,5444,5750,5875,5995,6275,6314,6532,6860,7172,7395,7726,8129
54000,West Virginia,10,      Clothing and footwear,603,637,657,679,663,663,656,666,699,719,726,737,731,746,762,777,788,796,802,798,796,815,824
54000,West Virginia,11,      Gasoline and other energy goods,568,507,563,684,673,652,735,864,1009,1126,1193,1352,1039,1242,1542,1541,1527,1459,1143,1019,1089,1204,1121
54000,West Virginia,14,    Household consumption expenditures (for services),8778,9307,9803,10409,11025,11619,12162,12830,13618,14187,14853,15425,15933,16351,17001,17663,17903,18516,19259,20081,20971,22024,23034
54000,West Virginia,15,      Housing and utilities,2219,2322,2466,2615,2790,2902,3010,3192,3432,3611,3764,3888,3960,4016,4109,4232,4353,4508,4712,4960,5113,5364,5572
54000,West Virginia,16,      Health care,2997,3162,3272,3449,3730,4001,4220,4516,4783,4904,5161,5377,5735,5827,5993,6359,6479,6803,7161,7585,8019,8503,9071
55000,Wisconsin,10,      Clothing and footwear,765,783,830,839,835,827,845,855,858,870,854,856,839,857,872,877,907,925,943,967,973,1002,1001
55000,Wisconsin,11,      Gasoline and other energy goods,594,529,600,746,717,675,797,931,1110,1263,1342,1531,1109,1289,1580,1589,1547,1470,1160,1044,1160,1344,1307
55000,Wisconsin,14,    Household consumption expenditures (for services),11827,12518,13213,14025,14764,15391,16225,17114,18066,18940,19794,20405,20517,21011,21584,21863,22376,23165,24181,25022,25895,26918,27676
55000,Wisconsin,15,      Housing and utilities,3345,3498,3698,3946,4208,4349,4543,4733,5065,5300,5479,5628,5582,5609,5745,5852,6004,6243,6410,6609,6830,7035,7273
55000,Wisconsin,16,      Health care,2921,3086,3255,3477,3809,4142,4461,4801,5073,5344,5607,5918,6221,6381,6564,6632,6708,6902,7296,7577,7752,8067,8187
56000,Wyoming,10,      Clothing and footwear,687,722,715,689,684,665,686,718,748,796,794,789,753,765,789,788,787,805,810,816,819,856,878
56000,Wyoming,11,      Gasoline and other energy goods,1073,1002,1125,1452,1432,1352,1608,1917,2334,2845,3208,3709,2582,2918,3460,3455,3241,2988,2252,1881,2056,2362,2352
56000,Wyoming,14,    Household consumption expenditures (for services),10940,11674,12456,13411,13942,14564,15179,16209,17481,18805,19817,20575,20157,20804,21772,22701,23559,24605,25451,25947,26963,28170,29090
56000,Wyoming,15,      Housing and utilities,3089,3253,3418,3661,3937,4038,4161,4407,4737,5014,5096,5239,5294,5349,5580,5751,5944,6200,6527,6821,7221,7574,7877
56000,Wyoming,16,      Health care,2303,2454,2616,2822,3105,3412,3627,3884,4193,4428,4766,5038,5184,5460,5644,5807,5864,6159,6411,6567,6829,7081,7336
91000,New England,10,      Clothing and footwear,1102,1122,1160,1194,1173,1149,1175,1231,1271,1255,1238,1214,1150,1174,1173,1205,1208,1221,1235,1242,1230,1249,1265
91000,New England,11,      Gasoline and other energy goods,641,560,591,737,725,678,823,960,1152,1272,1345,1528,1139,1280,1500,1440,1442,1419,1093,942,1058,1183,1119
91000,New England,14,    Household consumption expenditures (for services),15371,16302,17076,18208,19059,19691,20691,21895,23258,24625,25822,26648,26600,27051,27711,28303,28914,29996,31364,32423,33429,34802,36006
91000,New England,15,      Housing and utilities,4636,4846,5085,5348,5720,5867,6128,6425,6928,7340,7642,7908,7949,7886,8012,8111,8263,8574,8982,9249,9555,9959,10293
91000,New England,16,      Health care,3593,3800,3859,4081,4362,4699,4967,5307,5577,5951,6323,6628,6930,7087,7238,7385,7469,7668,7959,8247,8357,8581,8848
92000,Mideast,10,      Clothing and footwear,1101,1132,1190,1224,1196,1194,1213,1242,1284,1324,1326,1293,1233,1281,1354,1391,1411,1437,1448,1464,1459,1508,1546
92000,Mideast,11,      Gasoline and other energy goods,456,392,424,528,513,481,574,683,820,919,991,1119,830,952,1145,1141,1124,1077,834,734,808,906,870
92000,Mideast,14,    Household consumption expenditures (for services),14243,15014,15733,16811,17542,18153,19105,20262,21543,22728,23820,24570,24520,25106,25821,26441,27187,28435,29668,30797,32038,33577,35021
92000,Mideast,15,      Housing and utilities,4077,4250,4456,4693,5006,5151,5359,5616,6028,6356,6666,6925,7014,7064,7230,7345,7559,7891,8264,8578,8892,9259,9598
92000,Mideast,16,      Health care,3293,3441,3543,3717,3995,4290,4555,4859,5103,5320,5580,5786,6023,6207,6359,6509,6622,6876,7185,7509,7790,8188,8596
93000,Great Lakes,10,      Clothing and footwear,869,901,934,953,933,917,927,936,952,964,950,930,894,925,953,979,988,1009,1028,1048,1052,1076,1085
93000,Great Lakes,11,      Gasoline and other energy goods,528,472,529,661,622,584,683,781,925,1039,1141,1264,918,1091,1346,1363,1345,1285,992,879,985,1126,1068
93000,Great Lakes,14,    Household consumption expenditures (for services),12171,12798,13404,14269,14898,15429,16166,17051,18060,18827,19627,20184,20191,20656,21211,21674,22131,23046,24060,24928,25838,26878,27768
93000,Great Lakes,15,      Housing and utilities,3444,3578,3759,3988,4253,4384,4573,4767,5127,5353,5539,5733,5748,5746,5822,5840,5934,6151,6311,6500,6729,6972,7239
93000,Great Lakes,16,      Health care,2859,2970,3074,3260,3521,3786,4011,4296,4571,4799,5073,5274,5526,5723,5894,6110,6194,6423,6756,7062,7259,7504,7716
94000,Plains,10,      Clothing and footwear,802,827,850,876,864,862,880,895,911,921,918,915,894,913,939,961,965,985,998,1010,1009,1030,1031
94000,Plains,11,      Gasoline and other energy goods,674,611,683,835,802,751,880,1033,1244,1406,1510,1725,1262,1483,1826,1864,1830,1733,1318,1152,1257,1389,1322
94000,Plains,14,    Household consumption expenditures (for services),11835,12495,13178,14050,14619,15240,15912,16693,17543,18313,19137,19729,19867,20302,20973,21550,22079,22907,23861,24738,25700,26745,27638
94000,Plains,15,      Housing and utilities,3131,3268,3416,3643,3896,3989,4147,4344,4667,4899,5077,5220,5263,5292,5425,5548,5723,5935,6158,6406,6658,6951,7216
94000,Plains,16,      Health care,2979,3127,3270,3446,3726,4037,4240,4469,4709,4890,5164,5402,5611,5761,5953,6129,6229,6419,6738,7049,7277,7524,7805
95000,Southeast,10,      Clothing and footwear,829,852,891,901,890,879,889,915,937,971,972,942,902,929,958,980,991,1017,1033,1045,1039,1069,1083
95000,Southeast,11,      Gasoline and other energy goods,563,505,557,692,654,608,698,817,991,1129,1186,1320,959,1125,1366,1386,1359,1291,973,856,954,1063,1012
95000,Southeast,14,    Household consumption expenditures (for services),11038,11601,12080,12884,13412,13890,14541,15332,16245,17103,17816,18306,18393,18806,19320,19781,20158,20984,21923,22784,23584,24549,25458
95000,Southeast,15,      Housing and utilities,3192,3337,3460,3656,3870,3979,4123,4288,4567,4800,4958,5120,5248,5323,5423,5506,5626,5850,6099,6348,6564,6827,7087
95000,Southeast,16,      Health care,2795,2882,2941,3104,3347,3600,3787,4024,4232,4418,4595,4752,4949,5044,5159,5331,5393,5596,5856,6114,6283,6506,6753
96000,Southwest,10,      Clothing and footwear,854,873,901,933,921,914,932,946,1002,1053,1066,1032,1004,1026,1081,1115,1119,1129,1141,1158,1157,1194,1197
96000,Southwest,11,      Gasoline and other energy goods,578,509,548,691,675,620,706,831,1081,1114,1215,1350,991,1150,1433,1482,1477,1434,1068,929,1016,1146,1096
96000,Southwest,14,    Household consumption expenditures (for services),11501,12065,12530,13302,13834,14188,14685,15303,16140,16817,17398,17952,18017,18425,19025,19515,20005,20902,21857,22593,23479,24556,25520
96000,Southwest,15,      Housing and utilities,3332,3461,3558,3761,3991,4048,4189,4378,4650,4884,4942,5083,5093,5095,5186,5213,5349,5572,5823,6033,6278,6595,6831
96000,Southwest,16,      Health care,2536,2644,2698,2832,3082,3352,3522,3711,3954,4065,4253,4473,4678,4803,4921,5075,5091,5274,5592,5811,5939,6098,6342
97000,Rocky Mountain,10,      Clothing and footwear,813,832,865,876,874,863,882,904,937,973,983,957,910,915,945,971,982,993,1012,1034,1031,1082,1117
97000,Rocky Mountain,11,      Gasoline and other energy goods,621,553,618,781,753,687,766,894,1065,1214,1324,1507,1062,1213,1446,1474,1441,1380,1058,930,1050,1186,1132
97000,Rocky Mountain,14,    Household consumption expenditures (for services),12064,12732,13367,14372,14959,15428,16039,16885,17832,18678,19443,19934,19832,20151,20729,21209,21757,22674,23790,24797,25769,26916,28071
97000,Rocky Mountain,15,      Housing and utilities,3942,4111,4276,4488,4779,4883,5033,5292,5630,5824,5913,6025,6050,5998,6135,6245,6389,6591,6907,7147,7438,7739,8085
97000,Rocky Mountain,16,      Health care,2358,2468,2549,2745,3001,3281,3458,3705,3892,4044,4284,4475,4666,4768,4899,5023,5125,5391,5684,6041,6198,6358,6577
98000,Far West,10,      Clothing and footwear,907,940,972,1005,968,984,994,1078,1138,1129,1143,1096,990,1038,1107,1161,1167,1208,1234,1254,1292,1354,1408
98000,Far West,11,      Gasoline and other energy goods,485,426,458,566,531,507,580,695,810,910,958,1080,765,881,1083,1098,1069,1021,783,715,829,938,910
98000,Far West,14,    Household consumption expenditures (for services),13743,14423,15077,16001,16506,16943,17686,18747,19877,20964,21975,22582,22295,22914,23620,24273,24771,25848,27289,28551,29915,31360,32934
98000,Far West,15,      Housing and utilities,4495,4697,4884,5128,5445,5589,5743,5994,6369,6768,7048,7322,7504,7574,7751,7885,8038,8318,8721,9071,9412,9730,10150
98000,Far West,16,      Health care,2805,2906,2967,3077,3239,3471,3692,3931,4181,4383,4684,4942,5090,5415,5588,5732,5833,6063,6503,6832,7181,7515,7901
Legend / Footnotes:,,,,,,,,,,,,,,,,,,,,,,,,,,
"1/ Per capita PCE estimates are in current dollars, and reflect Census Bureau midyear population estimates for years 2010-2019 available as of December 2019. Per capita values are computed from unrounded data.",,,,,,,,,,,,,,,,,,,,,,,,,,
"Last updated: October 8, 2020-- new statistics for 2019; revised statistics for 2010-2018.",,,,,,,,,,,,,,,,,,,,,,,,,,
